[{"model": "auth.permission", "pk": 1, "fields": {"name": "Can add log entry", "content_type": 1, "codename": "add_logentry"}}, {"model": "auth.permission", "pk": 2, "fields": {"name": "Can change log entry", "content_type": 1, "codename": "change_logentry"}}, {"model": "auth.permission", "pk": 3, "fields": {"name": "Can delete log entry", "content_type": 1, "codename": "delete_logentry"}}, {"model": "auth.permission", "pk": 4, "fields": {"name": "Can add user", "content_type": 2, "codename": "add_user"}}, {"model": "auth.permission", "pk": 5, "fields": {"name": "Can change user", "content_type": 2, "codename": "change_user"}}, {"model": "auth.permission", "pk": 6, "fields": {"name": "Can delete user", "content_type": 2, "codename": "delete_user"}}, {"model": "auth.permission", "pk": 7, "fields": {"name": "Can add group", "content_type": 3, "codename": "add_group"}}, {"model": "auth.permission", "pk": 8, "fields": {"name": "Can change group", "content_type": 3, "codename": "change_group"}}, {"model": "auth.permission", "pk": 9, "fields": {"name": "Can delete group", "content_type": 3, "codename": "delete_group"}}, {"model": "auth.permission", "pk": 10, "fields": {"name": "Can add permission", "content_type": 4, "codename": "add_permission"}}, {"model": "auth.permission", "pk": 11, "fields": {"name": "Can change permission", "content_type": 4, "codename": "change_permission"}}, {"model": "auth.permission", "pk": 12, "fields": {"name": "Can delete permission", "content_type": 4, "codename": "delete_permission"}}, {"model": "auth.permission", "pk": 13, "fields": {"name": "Can add content type", "content_type": 5, "codename": "add_contenttype"}}, {"model": "auth.permission", "pk": 14, "fields": {"name": "Can change content type", "content_type": 5, "codename": "change_contenttype"}}, {"model": "auth.permission", "pk": 15, "fields": {"name": "Can delete content type", "content_type": 5, "codename": "delete_contenttype"}}, {"model": "auth.permission", "pk": 16, "fields": {"name": "Can add session", "content_type": 6, "codename": "add_session"}}, {"model": "auth.permission", "pk": 17, "fields": {"name": "Can change session", "content_type": 6, "codename": "change_session"}}, {"model": "auth.permission", "pk": 18, "fields": {"name": "Can delete session", "content_type": 6, "codename": "delete_session"}}, {"model": "auth.permission", "pk": 19, "fields": {"name": "Can add feed", "content_type": 7, "codename": "add_feed"}}, {"model": "auth.permission", "pk": 20, "fields": {"name": "Can change feed", "content_type": 7, "codename": "change_feed"}}, {"model": "auth.permission", "pk": 21, "fields": {"name": "Can delete feed", "content_type": 7, "codename": "delete_feed"}}, {"model": "auth.permission", "pk": 22, "fields": {"name": "Can add subscription", "content_type": 8, "codename": "add_subscription"}}, {"model": "auth.permission", "pk": 23, "fields": {"name": "Can change subscription", "content_type": 8, "codename": "change_subscription"}}, {"model": "auth.permission", "pk": 24, "fields": {"name": "Can delete subscription", "content_type": 8, "codename": "delete_subscription"}}, {"model": "auth.permission", "pk": 25, "fields": {"name": "Can add user post", "content_type": 9, "codename": "add_userpost"}}, {"model": "auth.permission", "pk": 26, "fields": {"name": "Can change user post", "content_type": 9, "codename": "change_userpost"}}, {"model": "auth.permission", "pk": 27, "fields": {"name": "Can delete user post", "content_type": 9, "codename": "delete_userpost"}}, {"model": "auth.permission", "pk": 28, "fields": {"name": "Can add comment", "content_type": 10, "codename": "add_comment"}}, {"model": "auth.permission", "pk": 29, "fields": {"name": "Can change comment", "content_type": 10, "codename": "change_comment"}}, {"model": "auth.permission", "pk": 30, "fields": {"name": "Can delete comment", "content_type": 10, "codename": "delete_comment"}}, {"model": "auth.permission", "pk": 31, "fields": {"name": "Can add post", "content_type": 11, "codename": "add_post"}}, {"model": "auth.permission", "pk": 32, "fields": {"name": "Can change post", "content_type": 11, "codename": "change_post"}}, {"model": "auth.permission", "pk": 33, "fields": {"name": "Can delete post", "content_type": 11, "codename": "delete_post"}}, {"model": "auth.permission", "pk": 34, "fields": {"name": "Can add keyword", "content_type": 12, "codename": "add_keyword"}}, {"model": "auth.permission", "pk": 35, "fields": {"name": "Can change keyword", "content_type": 12, "codename": "change_keyword"}}, {"model": "auth.permission", "pk": 36, "fields": {"name": "Can delete keyword", "content_type": 12, "codename": "delete_keyword"}}, {"model": "auth.permission", "pk": 37, "fields": {"name": "Can add task result", "content_type": 13, "codename": "add_taskresult"}}, {"model": "auth.permission", "pk": 38, "fields": {"name": "Can change task result", "content_type": 13, "codename": "change_taskresult"}}, {"model": "auth.permission", "pk": 39, "fields": {"name": "Can delete task result", "content_type": 13, "codename": "delete_taskresult"}}, {"model": "auth.permission", "pk": 40, "fields": {"name": "Can add crontab", "content_type": 14, "codename": "add_crontabschedule"}}, {"model": "auth.permission", "pk": 41, "fields": {"name": "Can change crontab", "content_type": 14, "codename": "change_crontabschedule"}}, {"model": "auth.permission", "pk": 42, "fields": {"name": "Can delete crontab", "content_type": 14, "codename": "delete_crontabschedule"}}, {"model": "auth.permission", "pk": 43, "fields": {"name": "Can add solar event", "content_type": 15, "codename": "add_solarschedule"}}, {"model": "auth.permission", "pk": 44, "fields": {"name": "Can change solar event", "content_type": 15, "codename": "change_solarschedule"}}, {"model": "auth.permission", "pk": 45, "fields": {"name": "Can delete solar event", "content_type": 15, "codename": "delete_solarschedule"}}, {"model": "auth.permission", "pk": 46, "fields": {"name": "Can add interval", "content_type": 16, "codename": "add_intervalschedule"}}, {"model": "auth.permission", "pk": 47, "fields": {"name": "Can change interval", "content_type": 16, "codename": "change_intervalschedule"}}, {"model": "auth.permission", "pk": 48, "fields": {"name": "Can delete interval", "content_type": 16, "codename": "delete_intervalschedule"}}, {"model": "auth.permission", "pk": 49, "fields": {"name": "Can add periodic tasks", "content_type": 17, "codename": "add_periodictasks"}}, {"model": "auth.permission", "pk": 50, "fields": {"name": "Can change periodic tasks", "content_type": 17, "codename": "change_periodictasks"}}, {"model": "auth.permission", "pk": 51, "fields": {"name": "Can delete periodic tasks", "content_type": 17, "codename": "delete_periodictasks"}}, {"model": "auth.permission", "pk": 52, "fields": {"name": "Can add periodic task", "content_type": 18, "codename": "add_periodictask"}}, {"model": "auth.permission", "pk": 53, "fields": {"name": "Can change periodic task", "content_type": 18, "codename": "change_periodictask"}}, {"model": "auth.permission", "pk": 54, "fields": {"name": "Can delete periodic task", "content_type": 18, "codename": "delete_periodictask"}}, {"model": "auth.user", "pk": 1, "fields": {"password": "pbkdf2_sha256$100000$U781gqgXR8rZ$DDyzJ057vVmHSIOJZN5PJ+Mpd6QUpAx6ZJLWauASwHg=", "last_login": null, "is_superuser": true, "username": "admin", "first_name": "", "last_name": "", "email": "admin@upidev.fr", "is_staff": true, "is_active": true, "date_joined": "2018-06-30T11:58:02.690Z", "groups": [], "user_permissions": []}}, {"model": "auth.user", "pk": 2, "fields": {"password": "pbkdf2_sha256$100000$JDTRSfrg8j68$r/HX8pM8yk3KIvkH6txcvtHYnLYbj4DyuXm3jAipVm0=", "last_login": "2018-06-30T12:28:20.762Z", "is_superuser": false, "username": "test", "first_name": "", "last_name": "", "email": "test@upidev.fr", "is_staff": false, "is_active": true, "date_joined": "2018-06-30T12:00:02.927Z", "groups": [], "user_permissions": []}}, {"model": "sessions.session", "pk": "dr9j2aid5qbcap3enuxtmwcqfn4gpyfa", "fields": {"session_data": "MTgzMDM1YzgwMzNiMzE5OTcxMGQ2YTI2N2NiZDg2MGQxOWU3MDFjMzp7Il9hdXRoX3VzZXJfaGFzaCI6IjNlZjk2MTgyMDg4NWUxNDg1ODViMjIwYTA1YjY1ZmFmYzQ4NzNmMjkiLCJfYXV0aF91c2VyX2JhY2tlbmQiOiJkamFuZ28uY29udHJpYi5hdXRoLmJhY2tlbmRzLk1vZGVsQmFja2VuZCIsIl9hdXRoX3VzZXJfaWQiOiIyIn0=", "expire_date": "2018-07-14T12:28:20.773Z"}}, {"model": "dashboard.keyword", "pk": 1, "fields": {"name": "syri\u00eb"}}, {"model": "dashboard.keyword", "pk": 2, "fields": {"name": "buitenland"}}, {"model": "dashboard.keyword", "pk": 3, "fields": {"name": "algemeen"}}, {"model": "dashboard.keyword", "pk": 4, "fields": {"name": "binnenland"}}, {"model": "dashboard.keyword", "pk": 5, "fields": {"name": "wk-voetbal"}}, {"model": "dashboard.keyword", "pk": 6, "fields": {"name": "voetbal"}}, {"model": "dashboard.keyword", "pk": 7, "fields": {"name": "python"}}, {"model": "dashboard.keyword", "pk": 8, "fields": {"name": "productivit\u00e9"}}, {"model": "dashboard.keyword", "pk": 9, "fields": {"name": "django"}}, {"model": "dashboard.keyword", "pk": 10, "fields": {"name": "tutoriels"}}, {"model": "dashboard.keyword", "pk": 11, "fields": {"name": "tutoriel-fr"}}, {"model": "dashboard.keyword", "pk": 12, "fields": {"name": "tuto"}}, {"model": "dashboard.keyword", "pk": 13, "fields": {"name": "tutos"}}, {"model": "dashboard.keyword", "pk": 14, "fields": {"name": "pine64"}}, {"model": "dashboard.keyword", "pk": 15, "fields": {"name": "tutoriel"}}, {"model": "dashboard.keyword", "pk": 16, "fields": {"name": "tuto-fr-design-pattern"}}, {"model": "dashboard.keyword", "pk": 17, "fields": {"name": "tutoriel-fran\u00e7ais"}}, {"model": "dashboard.keyword", "pk": 18, "fields": {"name": "linux"}}, {"model": "dashboard.keyword", "pk": 19, "fields": {"name": "tutoriels-fran\u00e7ais"}}, {"model": "dashboard.keyword", "pk": 20, "fields": {"name": "tuto-fran\u00e7ais"}}, {"model": "dashboard.keyword", "pk": 21, "fields": {"name": "tutos-fr"}}, {"model": "dashboard.keyword", "pk": 22, "fields": {"name": "tutoriels-fr"}}, {"model": "dashboard.keyword", "pk": 23, "fields": {"name": "tuto-fr"}}, {"model": "dashboard.keyword", "pk": 24, "fields": {"name": "tutoriels-python"}}, {"model": "dashboard.keyword", "pk": 25, "fields": {"name": "patron-de-conception"}}, {"model": "dashboard.keyword", "pk": 26, "fields": {"name": "design-pattern"}}, {"model": "dashboard.keyword", "pk": 27, "fields": {"name": "design-patterns"}}, {"model": "dashboard.keyword", "pk": 28, "fields": {"name": "archlinux"}}, {"model": "dashboard.keyword", "pk": 29, "fields": {"name": "raspberry-pi"}}, {"model": "dashboard.keyword", "pk": 30, "fields": {"name": "raspberry"}}, {"model": "dashboard.keyword", "pk": 31, "fields": {"name": "nosql"}}, {"model": "dashboard.keyword", "pk": 32, "fields": {"name": "sql"}}, {"model": "dashboard.keyword", "pk": 33, "fields": {"name": "base-de-donn\u00e9es"}}, {"model": "dashboard.keyword", "pk": 34, "fields": {"name": "terminal"}}, {"model": "dashboard.keyword", "pk": 35, "fields": {"name": "terminator"}}, {"model": "dashboard.keyword", "pk": 36, "fields": {"name": "strategy"}}, {"model": "dashboard.keyword", "pk": 37, "fields": {"name": "strategie"}}, {"model": "dashboard.keyword", "pk": 38, "fields": {"name": "adaptateur"}}, {"model": "dashboard.keyword", "pk": 39, "fields": {"name": "nieuws-it-pro-wetenschap"}}, {"model": "dashboard.keyword", "pk": 40, "fields": {"name": "nieuws-tablets-en-telefoons-smartphones"}}, {"model": "dashboard.keyword", "pk": 41, "fields": {"name": "nieuws-gaming-games"}}, {"model": "dashboard.keyword", "pk": 42, "fields": {"name": "review-tablets-en-telefoons-tablets"}}, {"model": "dashboard.keyword", "pk": 43, "fields": {"name": "nieuws-computers-laptops"}}, {"model": "dashboard.keyword", "pk": 44, "fields": {"name": "nieuws-computers-beveiliging-en-antivirus"}}, {"model": "dashboard.keyword", "pk": 45, "fields": {"name": "nieuws-tablets-en-telefoons-mobiele-netwerken"}}, {"model": "dashboard.keyword", "pk": 46, "fields": {"name": "nieuws-computers-pcs"}}, {"model": "dashboard.keyword", "pk": 47, "fields": {"name": "-geek-beeld-en-geluid-gadgets"}}, {"model": "dashboard.keyword", "pk": 48, "fields": {"name": "software-update-software"}}, {"model": "dashboard.keyword", "pk": 49, "fields": {"name": "nieuws-it-pro-politiek-en-recht"}}, {"model": "dashboard.keyword", "pk": 50, "fields": {"name": "nieuws-it-pro-internettoegang"}}, {"model": "dashboard.keyword", "pk": 51, "fields": {"name": "nieuws-computers-voedingen"}}, {"model": "dashboard.keyword", "pk": 52, "fields": {"name": "nieuws-computers-videokaarten"}}, {"model": "dashboard.keyword", "pk": 53, "fields": {"name": "firmware-update-firmware"}}, {"model": "dashboard.keyword", "pk": 54, "fields": {"name": "-geek-computers-laptops"}}, {"model": "dashboard.keyword", "pk": 55, "fields": {"name": "nieuws-beeld-en-geluid-cameras"}}, {"model": "dashboard.keyword", "pk": 56, "fields": {"name": "achtergrond-gaming-games"}}, {"model": "dashboard.keyword", "pk": 57, "fields": {"name": "nieuws-it-pro-fotografie-en-video"}}, {"model": "dashboard.keyword", "pk": 58, "fields": {"name": "nieuws-computers-toetsenborden"}}, {"model": "dashboard.keyword", "pk": 59, "fields": {"name": "nieuws-beeld-en-geluid-televisies"}}, {"model": "dashboard.feed", "pk": 1, "fields": {"name": "NU - Algemeen", "slug": "nu-algemeen", "publication_frequency": "everymonth", "url": "https://www.nu.nl/rss/Algemeen", "keywords": [1, 2, 3, 4, 5, 6]}}, {"model": "dashboard.feed", "pk": 2, "fields": {"name": "Upidev", "slug": "upidev", "publication_frequency": "everymonth", "url": "http://feeds.feedburner.com/Upidev", "keywords": [7, 8, 9, 10, 11, 12, 13, 14, 15, 16, 17, 18, 19, 20, 21, 22, 23, 24, 25, 26, 27, 28, 29, 30, 31, 32, 33, 34, 35, 36, 37, 38]}}, {"model": "dashboard.feed", "pk": 3, "fields": {"name": "Tweakers Mixed RSS Feed", "slug": "tweakers-mixed-rss-feed", "publication_frequency": "everymonth", "url": "https://feeds.feedburner.com/tweakers/mixed", "keywords": [39, 40, 41, 42, 43, 44, 45, 46, 47, 48, 49, 50, 51, 52, 53, 54, 55, 56, 57, 58, 59]}}, {"model": "dashboard.subscription", "pk": 1, "fields": {"user": 2, "feed": 1}}, {"model": "dashboard.subscription", "pk": 2, "fields": {"user": 2, "feed": 2}}, {"model": "dashboard.subscription", "pk": 3, "fields": {"user": 2, "feed": 3}}]