[{"model": "auth.permission", "pk": 1, "fields": {"name": "Can add log entry", "content_type": 1, "codename": "add_logentry"}}, {"model": "auth.permission", "pk": 2, "fields": {"name": "Can change log entry", "content_type": 1, "codename": "change_logentry"}}, {"model": "auth.permission", "pk": 3, "fields": {"name": "Can delete log entry", "content_type": 1, "codename": "delete_logentry"}}, {"model": "auth.permission", "pk": 4, "fields": {"name": "Can add user", "content_type": 2, "codename": "add_user"}}, {"model": "auth.permission", "pk": 5, "fields": {"name": "Can change user", "content_type": 2, "codename": "change_user"}}, {"model": "auth.permission", "pk": 6, "fields": {"name": "Can delete user", "content_type": 2, "codename": "delete_user"}}, {"model": "auth.permission", "pk": 7, "fields": {"name": "Can add group", "content_type": 3, "codename": "add_group"}}, {"model": "auth.permission", "pk": 8, "fields": {"name": "Can change group", "content_type": 3, "codename": "change_group"}}, {"model": "auth.permission", "pk": 9, "fields": {"name": "Can delete group", "content_type": 3, "codename": "delete_group"}}, {"model": "auth.permission", "pk": 10, "fields": {"name": "Can add permission", "content_type": 4, "codename": "add_permission"}}, {"model": "auth.permission", "pk": 11, "fields": {"name": "Can change permission", "content_type": 4, "codename": "change_permission"}}, {"model": "auth.permission", "pk": 12, "fields": {"name": "Can delete permission", "content_type": 4, "codename": "delete_permission"}}, {"model": "auth.permission", "pk": 13, "fields": {"name": "Can add content type", "content_type": 5, "codename": "add_contenttype"}}, {"model": "auth.permission", "pk": 14, "fields": {"name": "Can change content type", "content_type": 5, "codename": "change_contenttype"}}, {"model": "auth.permission", "pk": 15, "fields": {"name": "Can delete content type", "content_type": 5, "codename": "delete_contenttype"}}, {"model": "auth.permission", "pk": 16, "fields": {"name": "Can add session", "content_type": 6, "codename": "add_session"}}, {"model": "auth.permission", "pk": 17, "fields": {"name": "Can change session", "content_type": 6, "codename": "change_session"}}, {"model": "auth.permission", "pk": 18, "fields": {"name": "Can delete session", "content_type": 6, "codename": "delete_session"}}, {"model": "auth.permission", "pk": 19, "fields": {"name": "Can add feed", "content_type": 7, "codename": "add_feed"}}, {"model": "auth.permission", "pk": 20, "fields": {"name": "Can change feed", "content_type": 7, "codename": "change_feed"}}, {"model": "auth.permission", "pk": 21, "fields": {"name": "Can delete feed", "content_type": 7, "codename": "delete_feed"}}, {"model": "auth.permission", "pk": 22, "fields": {"name": "Can add subscription", "content_type": 8, "codename": "add_subscription"}}, {"model": "auth.permission", "pk": 23, "fields": {"name": "Can change subscription", "content_type": 8, "codename": "change_subscription"}}, {"model": "auth.permission", "pk": 24, "fields": {"name": "Can delete subscription", "content_type": 8, "codename": "delete_subscription"}}, {"model": "auth.permission", "pk": 25, "fields": {"name": "Can add user post", "content_type": 9, "codename": "add_userpost"}}, {"model": "auth.permission", "pk": 26, "fields": {"name": "Can change user post", "content_type": 9, "codename": "change_userpost"}}, {"model": "auth.permission", "pk": 27, "fields": {"name": "Can delete user post", "content_type": 9, "codename": "delete_userpost"}}, {"model": "auth.permission", "pk": 28, "fields": {"name": "Can add comment", "content_type": 10, "codename": "add_comment"}}, {"model": "auth.permission", "pk": 29, "fields": {"name": "Can change comment", "content_type": 10, "codename": "change_comment"}}, {"model": "auth.permission", "pk": 30, "fields": {"name": "Can delete comment", "content_type": 10, "codename": "delete_comment"}}, {"model": "auth.permission", "pk": 31, "fields": {"name": "Can add post", "content_type": 11, "codename": "add_post"}}, {"model": "auth.permission", "pk": 32, "fields": {"name": "Can change post", "content_type": 11, "codename": "change_post"}}, {"model": "auth.permission", "pk": 33, "fields": {"name": "Can delete post", "content_type": 11, "codename": "delete_post"}}, {"model": "auth.permission", "pk": 34, "fields": {"name": "Can add keyword", "content_type": 12, "codename": "add_keyword"}}, {"model": "auth.permission", "pk": 35, "fields": {"name": "Can change keyword", "content_type": 12, "codename": "change_keyword"}}, {"model": "auth.permission", "pk": 36, "fields": {"name": "Can delete keyword", "content_type": 12, "codename": "delete_keyword"}}, {"model": "auth.permission", "pk": 37, "fields": {"name": "Can add task result", "content_type": 13, "codename": "add_taskresult"}}, {"model": "auth.permission", "pk": 38, "fields": {"name": "Can change task result", "content_type": 13, "codename": "change_taskresult"}}, {"model": "auth.permission", "pk": 39, "fields": {"name": "Can delete task result", "content_type": 13, "codename": "delete_taskresult"}}, {"model": "auth.permission", "pk": 40, "fields": {"name": "Can add crontab", "content_type": 14, "codename": "add_crontabschedule"}}, {"model": "auth.permission", "pk": 41, "fields": {"name": "Can change crontab", "content_type": 14, "codename": "change_crontabschedule"}}, {"model": "auth.permission", "pk": 42, "fields": {"name": "Can delete crontab", "content_type": 14, "codename": "delete_crontabschedule"}}, {"model": "auth.permission", "pk": 43, "fields": {"name": "Can add solar event", "content_type": 15, "codename": "add_solarschedule"}}, {"model": "auth.permission", "pk": 44, "fields": {"name": "Can change solar event", "content_type": 15, "codename": "change_solarschedule"}}, {"model": "auth.permission", "pk": 45, "fields": {"name": "Can delete solar event", "content_type": 15, "codename": "delete_solarschedule"}}, {"model": "auth.permission", "pk": 46, "fields": {"name": "Can add interval", "content_type": 16, "codename": "add_intervalschedule"}}, {"model": "auth.permission", "pk": 47, "fields": {"name": "Can change interval", "content_type": 16, "codename": "change_intervalschedule"}}, {"model": "auth.permission", "pk": 48, "fields": {"name": "Can delete interval", "content_type": 16, "codename": "delete_intervalschedule"}}, {"model": "auth.permission", "pk": 49, "fields": {"name": "Can add periodic tasks", "content_type": 17, "codename": "add_periodictasks"}}, {"model": "auth.permission", "pk": 50, "fields": {"name": "Can change periodic tasks", "content_type": 17, "codename": "change_periodictasks"}}, {"model": "auth.permission", "pk": 51, "fields": {"name": "Can delete periodic tasks", "content_type": 17, "codename": "delete_periodictasks"}}, {"model": "auth.permission", "pk": 52, "fields": {"name": "Can add periodic task", "content_type": 18, "codename": "add_periodictask"}}, {"model": "auth.permission", "pk": 53, "fields": {"name": "Can change periodic task", "content_type": 18, "codename": "change_periodictask"}}, {"model": "auth.permission", "pk": 54, "fields": {"name": "Can delete periodic task", "content_type": 18, "codename": "delete_periodictask"}}, {"model": "auth.user", "pk": 1, "fields": {"password": "pbkdf2_sha256$100000$U781gqgXR8rZ$DDyzJ057vVmHSIOJZN5PJ+Mpd6QUpAx6ZJLWauASwHg=", "last_login": null, "is_superuser": true, "username": "admin", "first_name": "", "last_name": "", "email": "admin@upidev.fr", "is_staff": true, "is_active": true, "date_joined": "2018-06-30T11:58:02.690Z", "groups": [], "user_permissions": []}}, {"model": "auth.user", "pk": 2, "fields": {"password": "pbkdf2_sha256$100000$JDTRSfrg8j68$r/HX8pM8yk3KIvkH6txcvtHYnLYbj4DyuXm3jAipVm0=", "last_login": "2018-06-30T12:28:20.762Z", "is_superuser": false, "username": "test", "first_name": "", "last_name": "", "email": "test@upidev.fr", "is_staff": false, "is_active": true, "date_joined": "2018-06-30T12:00:02.927Z", "groups": [], "user_permissions": []}}, {"model": "sessions.session", "pk": "dr9j2aid5qbcap3enuxtmwcqfn4gpyfa", "fields": {"session_data": "MTgzMDM1YzgwMzNiMzE5OTcxMGQ2YTI2N2NiZDg2MGQxOWU3MDFjMzp7Il9hdXRoX3VzZXJfaGFzaCI6IjNlZjk2MTgyMDg4NWUxNDg1ODViMjIwYTA1YjY1ZmFmYzQ4NzNmMjkiLCJfYXV0aF91c2VyX2JhY2tlbmQiOiJkamFuZ28uY29udHJpYi5hdXRoLmJhY2tlbmRzLk1vZGVsQmFja2VuZCIsIl9hdXRoX3VzZXJfaWQiOiIyIn0=", "expire_date": "2018-07-14T12:28:20.773Z"}}, {"model": "dashboard.keyword", "pk": 1, "fields": {"name": "syri\u00eb"}}, {"model": "dashboard.keyword", "pk": 2, "fields": {"name": "buitenland"}}, {"model": "dashboard.keyword", "pk": 3, "fields": {"name": "algemeen"}}, {"model": "dashboard.keyword", "pk": 4, "fields": {"name": "binnenland"}}, {"model": "dashboard.keyword", "pk": 5, "fields": {"name": "wk-voetbal"}}, {"model": "dashboard.keyword", "pk": 6, "fields": {"name": "voetbal"}}, {"model": "dashboard.keyword", "pk": 7, "fields": {"name": "python"}}, {"model": "dashboard.keyword", "pk": 8, "fields": {"name": "productivit\u00e9"}}, {"model": "dashboard.keyword", "pk": 9, "fields": {"name": "django"}}, {"model": "dashboard.keyword", "pk": 10, "fields": {"name": "tutoriels"}}, {"model": "dashboard.keyword", "pk": 11, "fields": {"name": "tutoriel-fr"}}, {"model": "dashboard.keyword", "pk": 12, "fields": {"name": "tuto"}}, {"model": "dashboard.keyword", "pk": 13, "fields": {"name": "tutos"}}, {"model": "dashboard.keyword", "pk": 14, "fields": {"name": "pine64"}}, {"model": "dashboard.keyword", "pk": 15, "fields": {"name": "tutoriel"}}, {"model": "dashboard.keyword", "pk": 16, "fields": {"name": "tuto-fr-design-pattern"}}, {"model": "dashboard.keyword", "pk": 17, "fields": {"name": "tutoriel-fran\u00e7ais"}}, {"model": "dashboard.keyword", "pk": 18, "fields": {"name": "linux"}}, {"model": "dashboard.keyword", "pk": 19, "fields": {"name": "tutoriels-fran\u00e7ais"}}, {"model": "dashboard.keyword", "pk": 20, "fields": {"name": "tuto-fran\u00e7ais"}}, {"model": "dashboard.keyword", "pk": 21, "fields": {"name": "tutos-fr"}}, {"model": "dashboard.keyword", "pk": 22, "fields": {"name": "tutoriels-fr"}}, {"model": "dashboard.keyword", "pk": 23, "fields": {"name": "tuto-fr"}}, {"model": "dashboard.keyword", "pk": 24, "fields": {"name": "tutoriels-python"}}, {"model": "dashboard.keyword", "pk": 25, "fields": {"name": "patron-de-conception"}}, {"model": "dashboard.keyword", "pk": 26, "fields": {"name": "design-pattern"}}, {"model": "dashboard.keyword", "pk": 27, "fields": {"name": "design-patterns"}}, {"model": "dashboard.keyword", "pk": 28, "fields": {"name": "archlinux"}}, {"model": "dashboard.keyword", "pk": 29, "fields": {"name": "raspberry-pi"}}, {"model": "dashboard.keyword", "pk": 30, "fields": {"name": "raspberry"}}, {"model": "dashboard.keyword", "pk": 31, "fields": {"name": "nosql"}}, {"model": "dashboard.keyword", "pk": 32, "fields": {"name": "sql"}}, {"model": "dashboard.keyword", "pk": 33, "fields": {"name": "base-de-donn\u00e9es"}}, {"model": "dashboard.keyword", "pk": 34, "fields": {"name": "terminal"}}, {"model": "dashboard.keyword", "pk": 35, "fields": {"name": "terminator"}}, {"model": "dashboard.keyword", "pk": 36, "fields": {"name": "strategy"}}, {"model": "dashboard.keyword", "pk": 37, "fields": {"name": "strategie"}}, {"model": "dashboard.keyword", "pk": 38, "fields": {"name": "adaptateur"}}, {"model": "dashboard.keyword", "pk": 39, "fields": {"name": "nieuws-it-pro-wetenschap"}}, {"model": "dashboard.keyword", "pk": 40, "fields": {"name": "nieuws-tablets-en-telefoons-smartphones"}}, {"model": "dashboard.keyword", "pk": 41, "fields": {"name": "nieuws-gaming-games"}}, {"model": "dashboard.keyword", "pk": 42, "fields": {"name": "review-tablets-en-telefoons-tablets"}}, {"model": "dashboard.keyword", "pk": 43, "fields": {"name": "nieuws-computers-laptops"}}, {"model": "dashboard.keyword", "pk": 44, "fields": {"name": "nieuws-computers-beveiliging-en-antivirus"}}, {"model": "dashboard.keyword", "pk": 45, "fields": {"name": "nieuws-tablets-en-telefoons-mobiele-netwerken"}}, {"model": "dashboard.keyword", "pk": 46, "fields": {"name": "nieuws-computers-pcs"}}, {"model": "dashboard.keyword", "pk": 47, "fields": {"name": "-geek-beeld-en-geluid-gadgets"}}, {"model": "dashboard.keyword", "pk": 48, "fields": {"name": "software-update-software"}}, {"model": "dashboard.keyword", "pk": 49, "fields": {"name": "nieuws-it-pro-politiek-en-recht"}}, {"model": "dashboard.keyword", "pk": 50, "fields": {"name": "nieuws-it-pro-internettoegang"}}, {"model": "dashboard.keyword", "pk": 51, "fields": {"name": "nieuws-computers-voedingen"}}, {"model": "dashboard.keyword", "pk": 52, "fields": {"name": "nieuws-computers-videokaarten"}}, {"model": "dashboard.keyword", "pk": 53, "fields": {"name": "firmware-update-firmware"}}, {"model": "dashboard.keyword", "pk": 54, "fields": {"name": "-geek-computers-laptops"}}, {"model": "dashboard.keyword", "pk": 55, "fields": {"name": "nieuws-beeld-en-geluid-cameras"}}, {"model": "dashboard.keyword", "pk": 56, "fields": {"name": "achtergrond-gaming-games"}}, {"model": "dashboard.keyword", "pk": 57, "fields": {"name": "nieuws-it-pro-fotografie-en-video"}}, {"model": "dashboard.keyword", "pk": 58, "fields": {"name": "nieuws-computers-toetsenborden"}}, {"model": "dashboard.keyword", "pk": 59, "fields": {"name": "nieuws-beeld-en-geluid-televisies"}}, {"model": "dashboard.feed", "pk": 1, "fields": {"name": "NU - Algemeen", "slug": "nu-algemeen", "publication_frequency": "everymonth", "url": "https://www.nu.nl/rss/Algemeen", "keywords": [1, 2, 3, 4, 5, 6]}}, {"model": "dashboard.feed", "pk": 2, "fields": {"name": "Upidev", "slug": "upidev", "publication_frequency": "everymonth", "url": "http://feeds.feedburner.com/Upidev", "keywords": [7, 8, 9, 10, 11, 12, 13, 14, 15, 16, 17, 18, 19, 20, 21, 22, 23, 24, 25, 26, 27, 28, 29, 30, 31, 32, 33, 34, 35, 36, 37, 38]}}, {"model": "dashboard.feed", "pk": 3, "fields": {"name": "Tweakers Mixed RSS Feed", "slug": "tweakers-mixed-rss-feed", "publication_frequency": "everymonth", "url": "https://feeds.feedburner.com/tweakers/mixed", "keywords": [39, 40, 41, 42, 43, 44, 45, 46, 47, 48, 49, 50, 51, 52, 53, 54, 55, 56, 57, 58, 59]}}, {"model": "dashboard.subscription", "pk": 1, "fields": {"user": 2, "feed": 1}}, {"model": "dashboard.subscription", "pk": 2, "fields": {"user": 2, "feed": 2}}, {"model": "dashboard.subscription", "pk": 3, "fields": {"user": 2, "feed": 3}}, {"model": "dashboard.post", "pk": 1, "fields": {"name": "'Syrische oppositie in gesprek over vrede Zuid-Syri\u00eb'", "slug": "syrische-oppositie-in-gesprek-over-vrede-zuid-syri\u00eb", "content": "De Syrische oppositie en Russische onderhandelaars zijn begonnen met vredesonderhandelingen over de zuidwestelijke regio in Syri\u00eb, waar afgelopen weken een hevig strijd is gevoerd.", "published_date": "2018-06-30T12:05:53.555Z", "feed": 1, "url": "https://www.nu.nl/syrie/5339729/syrische-oppositie-in-gesprek-vrede-zuid-syrie.html"}}, {"model": "dashboard.post", "pk": 2, "fields": {"name": "Politie slaat autoraam in om achtergelaten kinderen in Haarzuilens", "slug": "politie-slaat-autoraam-in-om-achtergelaten-kinderen-in-haarzuilens", "content": "De politie heeft in het Utrechtse dorp Haarzuilens drie jonge kinderen van \u00e9\u00e9n, drie en vijf jaar uit een snikhete auto gehaald. De ouders hadden hun kinderen volgens de politie in het voertuig gelaten om 'even' naar de rommelmarkt te gaan.", "published_date": "2018-06-30T12:05:53.649Z", "feed": 1, "url": "https://www.nu.nl/binnenland/5339930/politie-slaat-autoraam-in-achtergelaten-kinderen-in-haarzuilens.html"}}, {"model": "dashboard.post", "pk": 3, "fields": {"name": "Zeker 4.000 veteranen bij veertiende editie Veteranendag in Den Haag", "slug": "zeker-4-000-veteranen-bij-veertiende-editie-veteranendag-in-den-haag", "content": "In Den Haag zijn zaterdag zo'n 4.000 veteranen aanwezig tijdens de veertiende Veteranendag. Bij de optocht rijden meerdere diverse en historische militaire wagens mee.", "published_date": "2018-06-30T12:05:53.728Z", "feed": 1, "url": "https://www.nu.nl/binnenland/5339924/zeker-4000-veteranen-bij-veertiende-editie-veteranendag-in-haag.html"}}, {"model": "dashboard.post", "pk": 4, "fields": {"name": "Afghanistan be\u00ebindigt eenzijdig staakt-het-vuren", "slug": "afghanistan-be\u00ebindigt-eenzijdig-staakt-het-vuren", "content": "De Afghaanse president Ashraf Ghani heeft formeel het einde van een eenzijdig staakt-het-vuren met de radicaal-islamitische taliban afgekondigd. Tegelijkertijd riep hij talibanstrijders op om akkoord te gaan met vredesgesprekken.", "published_date": "2018-06-30T12:05:53.752Z", "feed": 1, "url": "https://www.nu.nl/buitenland/5339915/afghanistan-beeindigt-eenzijdig-staakt-vuren.html"}}, {"model": "dashboard.post", "pk": 5, "fields": {"name": "Grote zorgen bij basisscholen Zuid-Limburg om VMBO Maastricht", "slug": "grote-zorgen-bij-basisscholen-zuid-limburg-om-vmbo-maastricht", "content": "Basisscholen in Zuid-Limburg maken zich grote zorgen over de gang van zaken bij de stichting Limburgs Voortgezet Onderwijs (LVO), waaronder het in opspraak geraakte VMBO Maastricht valt.", "published_date": "2018-06-30T12:05:53.775Z", "feed": 1, "url": "https://www.nu.nl/binnenland/5339846/grote-zorgen-bij-basisscholen-zuid-limburg-vmbo-maastricht.html"}}, {"model": "dashboard.post", "pk": 6, "fields": {"name": "Meer dan tweeduizend agenten bij grote demonstratie in Duitse Augsburg", "slug": "meer-dan-tweeduizend-agenten-bij-grote-demonstratie-in-duitse-augsburg", "content": "Meer dan tweeduizend agenten zijn opgeroepen om zaterdag de orde te bewaren in het Duitse Augsburg. Honderden mensen hebben zich 's ochtends verzameld in de stad waar de rechts-populistische partij Alternative f\u00fcr Deutschland (AfD) zaterdag haar partijcongres houdt.", "published_date": "2018-06-30T12:05:53.797Z", "feed": 1, "url": "https://www.nu.nl/buitenland/5339831/meer-dan-tweeduizend-agenten-bij-grote-demonstratie-in-duitse-augsburg.html"}}, {"model": "dashboard.post", "pk": 7, "fields": {"name": "Aftrappen: Messi voelt druk van Maradona, Kroati\u00eb tegen FC Eriksen", "slug": "aftrappen-messi-voelt-druk-van-maradona,-kroati\u00eb-tegen-fc-eriksen", "content": "In deze Aftrappen blikken we vooruit op de knock-out-fase van het WK in Rusland.", "published_date": "2018-06-30T12:05:53.819Z", "feed": 1, "url": "https://www.nu.nl/algemeen/5339213/aftrappen-messi-voelt-druk-van-maradona-kroatie-fc-eriksen.html"}}, {"model": "dashboard.post", "pk": 8, "fields": {"name": "Met olie besmeurde zwanen gewassen in noodopvang Maeslantkering", "slug": "met-olie-besmeurde-zwanen-gewassen-in-noodopvang-maeslantkering", "content": "Zeker 460 met olie besmeurde zwanen worden zaterdag opgevangen in het speciaal ingerichte opvangcentrum bij de Maeslantkering in Hoek van Holland, dat meldt Rijkswaterstaat aan NU.nl.", "published_date": "2018-06-30T12:05:53.840Z", "feed": 1, "url": "https://www.nu.nl/binnenland/5339804/met-olie-besmeurde-zwanen-gewassen-in-noodopvang-maeslantkering.html"}}, {"model": "dashboard.post", "pk": 9, "fields": {"name": "WK-programma 30 juni: Kraker Argentini\u00eb-Frankrijk, Portugal treft Uruguay", "slug": "wk-programma-30-juni-kraker-argentini\u00eb-frankrijk,-portugal-treft-uruguay", "content": "Op de zeventiende dag van het WK in Rusland worden de eerste twee achtste finales afgewerkt. Argentini\u00eb strijdt met Frankrijk om een plek bij de laatste acht, waarna Portugal het opneemt tegen Uruguay.", "published_date": "2018-06-30T12:05:53.863Z", "feed": 1, "url": "https://www.nu.nl/wk-2018/5339066/wk-programma-30-juni-kraker-argentinie-frankrijk-portugal-treft-uruguay.html"}}, {"model": "dashboard.post", "pk": 10, "fields": {"name": "Negen gewonden na ernstig ongeval met vrachtwagen op A4 bij Woensdrecht", "slug": "negen-gewonden-na-ernstig-ongeval-met-vrachtwagen-op-a4-bij-woensdrecht", "content": "Door een ernstige aanrijding op de A4 bij Woensdrecht zijn zaterdag negen mensen gewond geraakt. Vijf van hen zijn er ernstig aan toe. De weg kon aan het begin van de middag vrijgegeven worden.", "published_date": "2018-06-30T12:05:53.928Z", "feed": 1, "url": "https://www.nu.nl/binnenland/5339633/negen-gewonden-ernstig-ongeval-met-vrachtwagen-a4-bij-woensdrecht.html"}}, {"model": "dashboard.post", "pk": 11, "fields": {"name": "Tutoriel Django celery redis", "slug": "tutoriel-django-celery-redis", "content": "<p>A venir</p>\n<p>Cet article <a rel=\"nofollow\" href=\"http://www.upidev.com/tutoriels/tutoriel-django-celery-redis/\">Tutoriel Django celery redis</a> est apparu en premier sur <a rel=\"nofollow\" href=\"http://www.upidev.com\">Upidev</a>.</p>", "published_date": "2018-06-30T12:06:13.655Z", "feed": 2, "url": "http://www.upidev.com/tutoriels/tutoriel-django-celery-redis/"}}, {"model": "dashboard.post", "pk": 12, "fields": {"name": "Ubuntu 16.04 sur pine64, Installation", "slug": "ubuntu-16-04-sur-pine64,-installation", "content": "<p>Dans ce tutoriel, nous apprendrons comment installer Ubuntu 16.04 sous pine64, du formatage de carte sd jusqu'\u00e0 la connexion \u00e0 l'utilisateur.</p>\n<p>Cet article <a rel=\"nofollow\" href=\"http://www.upidev.com/tutoriels/ubuntu-16-04-sur-pine64-installation/\">Ubuntu 16.04 sur pine64, Installation</a> est apparu en premier sur <a rel=\"nofollow\" href=\"http://www.upidev.com\">Upidev</a>.</p>", "published_date": "2018-06-30T12:06:13.821Z", "feed": 2, "url": "http://www.upidev.com/tutoriels/ubuntu-16-04-sur-pine64-installation/"}}, {"model": "dashboard.post", "pk": 13, "fields": {"name": "Monteur, comment utiliser ce patron de conception avec Python", "slug": "monteur,-comment-utiliser-ce-patron-de-conception-avec-python", "content": "<p>Dans ce tutoriel, nous apprendrons, pourquoi et comment utiliser le patron de conception <strong>Monteur</strong>.</p>\n<p>Dans un premier temps, nous expliquerons son r\u00f4le et son fonctionnement puis nous passerons \u00e0 un exemple pratique ( Cr\u00e9ation d'une pizza \u00e0 partir d'une commande).</p>\n<p>Cet article <a rel=\"nofollow\" href=\"http://www.upidev.com/tutoriels/monteur-patron-de-conception-avec-python/\">Monteur, comment utiliser ce patron de conception avec Python</a> est apparu en premier sur <a rel=\"nofollow\" href=\"http://www.upidev.com\">Upidev</a>.</p>", "published_date": "2018-06-30T12:06:14.131Z", "feed": 2, "url": "http://www.upidev.com/tutoriels/monteur-patron-de-conception-avec-python/"}}, {"model": "dashboard.post", "pk": 14, "fields": {"name": "Memento, utiliser ce patron de conception avec Python", "slug": "memento,-utiliser-ce-patron-de-conception-avec-python", "content": "<p>Dans ce tutoriel, nous apprendrons pourquoi et comment utiliser le design pattern <strong>Memento</strong>.</p>\n<p>Nous le d\u00e9finirons puis l'analyserons au travers d'un exemple pratique avec Python.</p>\n<p>Cet article <a rel=\"nofollow\" href=\"http://www.upidev.com/tutoriels/memento-utiliser-ce-patron-de-conception-avec-python/\">Memento, utiliser ce patron de conception avec Python</a> est apparu en premier sur <a rel=\"nofollow\" href=\"http://www.upidev.com\">Upidev</a>.</p>", "published_date": "2018-06-30T12:06:14.255Z", "feed": 2, "url": "http://www.upidev.com/tutoriels/memento-utiliser-ce-patron-de-conception-avec-python/"}}, {"model": "dashboard.post", "pk": 15, "fields": {"name": "Chaine de responsabilit\u00e9, utiliser ce patron de conception avec Python", "slug": "chaine-de-responsabilit\u00e9,-utiliser-ce-patron-de-conception-avec-python", "content": "<p>Dans ce tutoriel, nous apprendrons pourquoi et comment utiliser le design pattern <strong>Chaine de responsabilit\u00e9</strong>.</p>\n<p>Nous le d\u00e9finirons puis l'analyserons au travers d'un exemple pratique avec Python.</p>\n<p>Cet article <a rel=\"nofollow\" href=\"http://www.upidev.com/tutoriels/chaine-de-responsabilite-patron-conception-python/\">Chaine de responsabilit\u00e9, utiliser ce patron de conception avec Python</a> est apparu en premier sur <a rel=\"nofollow\" href=\"http://www.upidev.com\">Upidev</a>.</p>", "published_date": "2018-06-30T12:06:14.308Z", "feed": 2, "url": "http://www.upidev.com/tutoriels/chaine-de-responsabilite-patron-conception-python/"}}, {"model": "dashboard.post", "pk": 16, "fields": {"name": "ArchLinux sous raspberry pi, Installation", "slug": "archlinux-sous-raspberry-pi,-installation", "content": "<p>Dans ce tutoriel, nous apprendrons comment installer ArchLinux sous raspberry pi, du formatage de carte sd jusqu'\u00e0 la connexion \u00e0 l'utilisateur.</p>\n<p>Cet article <a rel=\"nofollow\" href=\"http://www.upidev.com/tutoriels/installer-archlinux-sous-raspberry/\">ArchLinux sous raspberry pi, Installation</a> est apparu en premier sur <a rel=\"nofollow\" href=\"http://www.upidev.com\">Upidev</a>.</p>", "published_date": "2018-06-30T12:06:14.376Z", "feed": 2, "url": "http://www.upidev.com/tutoriels/installer-archlinux-sous-raspberry/"}}, {"model": "dashboard.post", "pk": 17, "fields": {"name": "SQL vs NoSQL : En quoi sont-ils diff\u00e9rents ?", "slug": "sql-vs-nosql-en-quoi-sont-ils-diff\u00e9rents-?", "content": "<p>L'utilisation de SQL et NoSQL est devenu courante voir indispensable pour un d\u00e9veloppeur. Cependant, connaissez-vous vraiment ce qui les diff\u00e9rencient ? sql vs nosql, let's get started !</p>\n<p>Cet article <a rel=\"nofollow\" href=\"http://www.upidev.com/tutoriels/sql-vs-nosql-differences/\">SQL vs NoSQL : En quoi sont-ils diff\u00e9rents ?</a> est apparu en premier sur <a rel=\"nofollow\" href=\"http://www.upidev.com\">Upidev</a>.</p>", "published_date": "2018-06-30T12:06:14.511Z", "feed": 2, "url": "http://www.upidev.com/tutoriels/sql-vs-nosql-differences/"}}, {"model": "dashboard.post", "pk": 18, "fields": {"name": "Terminator, Automatisez le lancement d&#8217;un terminal de dev", "slug": "terminator,-automatisez-le-lancement-d&#8217;un-terminal-de-dev", "content": "<p>Dans ce tutoriel, nous apprendrons \u00e0 utiliser Terminator, une application proposant plusieurs terminaux de commandes dans une m\u00eame fen\u00eatre qui peut facilement enregistrer leurs dispositions pour une utilisation ult\u00e9rieure.</p>\n<p>Cet article <a rel=\"nofollow\" href=\"http://www.upidev.com/tutoriels/terminator-lancement-automatique-terminal-dev/\">Terminator, Automatisez le lancement d&rsquo;un terminal de dev</a> est apparu en premier sur <a rel=\"nofollow\" href=\"http://www.upidev.com\">Upidev</a>.</p>", "published_date": "2018-06-30T12:06:14.599Z", "feed": 2, "url": "http://www.upidev.com/tutoriels/terminator-lancement-automatique-terminal-dev/"}}, {"model": "dashboard.post", "pk": 19, "fields": {"name": "Strategie, Pourquoi ce patron de conception ?", "slug": "strategie,-pourquoi-ce-patron-de-conception-?", "content": "<p>Dans ce tutoriel, nous appendrons pourquoi utiliser le design pattern <strong>Strat\u00e9gie</strong>.</p>\n<p>Cet article <a rel=\"nofollow\" href=\"http://www.upidev.com/tutoriels/strategie-patron-de-conception/\">Strategie, Pourquoi ce patron de conception ?</a> est apparu en premier sur <a rel=\"nofollow\" href=\"http://www.upidev.com\">Upidev</a>.</p>", "published_date": "2018-06-30T12:06:14.675Z", "feed": 2, "url": "http://www.upidev.com/tutoriels/strategie-patron-de-conception/"}}, {"model": "dashboard.post", "pk": 20, "fields": {"name": "Adaptateur, Pourquoi utiliser ce patron de conception ?", "slug": "adaptateur,-pourquoi-utiliser-ce-patron-de-conception-?", "content": "<p>Dans ce tutoriel, nous appendrons pourquoi utiliser le design pattern <strong>Adaptateur</strong>.</p>\n<p>Cet article <a rel=\"nofollow\" href=\"http://www.upidev.com/tutoriels/adaptateur-patron-de-conception/\">Adaptateur, Pourquoi utiliser ce patron de conception ?</a> est apparu en premier sur <a rel=\"nofollow\" href=\"http://www.upidev.com\">Upidev</a>.</p>", "published_date": "2018-06-30T12:06:14.755Z", "feed": 2, "url": "http://www.upidev.com/tutoriels/adaptateur-patron-de-conception/"}}, {"model": "dashboard.post", "pk": 21, "fields": {"name": "ISS krijgt door Watson aangestuurd robotbemanningslid ter assistentie", "slug": "iss-krijgt-door-watson-aangestuurd-robotbemanningslid-ter-assistentie", "content": "Het internationale ruimtestation ISS krijgt er een bemanningslid bij. CIMON, de Crew Interactive Mobile Companion, is een zwevende robot met IBM's Watson-ai die de dagelijkse taken van de astronauten aan boord makkelijker moet maken.<img src=\"http://feeds.feedburner.com/~r/tweakers/mixed/~4/FxYAQy_m3y4\" height=\"1\" width=\"1\" alt=\"\"/>", "published_date": "2018-06-30T12:06:53.895Z", "feed": 3, "url": "https://tweakers.net/nieuws/140433/iss-krijgt-door-watson-aangestuurd-robotbemanningslid-ter-assistentie.html"}}, {"model": "dashboard.post", "pk": 22, "fields": {"name": "Huawei belooft elke twee maanden updates uit te geven voor meerdere toestellen", "slug": "huawei-belooft-elke-twee-maanden-updates-uit-te-geven-voor-meerdere-toestellen", "content": "Smartphonemaker Huawei heeft volgens AusDroid beloofd dat verschillende telefoons uit de P, Mate en Nova-serie iedere twee maanden firmware-updates zullen krijgen. Maar hoe lang dat zo blijft per toestel, wordt niet verteld. Daarnaast krijgen meerdere toestellen face unlock.<img src=\"http://feeds.feedburner.com/~r/tweakers/mixed/~4/VTuubLJaePc\" height=\"1\" width=\"1\" alt=\"\"/>", "published_date": "2018-06-30T12:06:53.931Z", "feed": 3, "url": "https://tweakers.net/nieuws/140431/huawei-belooft-elke-twee-maanden-updates-uit-te-geven-voor-meerdere-toestellen.html"}}, {"model": "dashboard.post", "pk": 23, "fields": {"name": "Valve werkt aan eigen variant van statistiekenwebsite SteamSpy", "slug": "valve-werkt-aan-eigen-variant-van-statistiekenwebsite-steamspy", "content": "Valve werkt aan een eigen versie van de nu stopgezette Steam-statistiekenwebsite SteamSpy. Het bedrijf streeft ernaar om de informatie uitgebreider en accurater te maken dan wat SteamSpy kon bieden.<img src=\"http://feeds.feedburner.com/~r/tweakers/mixed/~4/BFsMQTKn79s\" height=\"1\" width=\"1\" alt=\"\"/>", "published_date": "2018-06-30T12:06:53.965Z", "feed": 3, "url": "https://tweakers.net/nieuws/140429/valve-werkt-aan-eigen-variant-van-statistiekenwebsite-steamspy.html"}}, {"model": "dashboard.post", "pk": 24, "fields": {"name": "Ockel Sirius A - Alleskunner tussen wal en schip", "slug": "ockel-sirius-a-alleskunner-tussen-wal-en-schip", "content": "De Sirius A is een Nederlands product dat het midden houdt tussen een tablet en een compacte desktop-pc. Hoe presteert hij en wat kun je ermee?<img src=\"http://feeds.feedburner.com/~r/tweakers/mixed/~4/ji2UsG1au7o\" height=\"1\" width=\"1\" alt=\"\"/>", "published_date": "2018-06-30T12:06:53.998Z", "feed": 3, "url": "https://tweakers.net/reviews/6327/ockel-sirius-a-alleskunner-tussen-wal-en-schip.html"}}, {"model": "dashboard.post", "pk": 25, "fields": {"name": "Gerucht: Microsofts Andromeda-project is 'Surface-apparaat op zakformaat'", "slug": "gerucht-microsofts-andromeda-project-is-surface-apparaat-op-zakformaat", "content": "In een interne Microsoft e-mail, die is ingezien door The Verge, refereert het bedrijf aan zijn Andromeda-project als een 'Surface-apparaat op zakformaat'. Volgens bronnen van de site lijkt het op renders die eerder zijn uitgekomen.<img src=\"http://feeds.feedburner.com/~r/tweakers/mixed/~4/qEXPbEXy8Zc\" height=\"1\" width=\"1\" alt=\"\"/>", "published_date": "2018-06-30T12:06:54.031Z", "feed": 3, "url": "https://tweakers.net/nieuws/140427/gerucht-microsofts-andromeda-project-is-surface-apparaat-op-zakformaat.html"}}, {"model": "dashboard.post", "pk": 26, "fields": {"name": "Logius blokkeert 203 DigiD-accounts na MijnOverheid-phishingactie", "slug": "logius-blokkeert-203-digid-accounts-na-mijnoverheid-phishingactie", "content": "Logius heeft maandag 203 DigiD-accounts geblokkeerd, nadat was vastgesteld dat de eigenaren op een link in een phishingmail hadden geklikt en hun MijnOverheid-gegevens op een kwaadaardige website hadden ingevuld.<img src=\"http://feeds.feedburner.com/~r/tweakers/mixed/~4/WN1WMq83w7o\" height=\"1\" width=\"1\" alt=\"\"/>", "published_date": "2018-06-30T12:06:54.064Z", "feed": 3, "url": "https://tweakers.net/nieuws/140425/logius-blokkeert-203-digid-accounts-na-mijnoverheid-phishingactie.html"}}, {"model": "dashboard.post", "pk": 27, "fields": {"name": "T-Mobile begint in juli met testen van lte-m-netwerk", "slug": "t-mobile-begint-in-juli-met-testen-van-lte-m-netwerk", "content": "T-Mobile gaat naast nb-iot ook lte-m aanbieden. Daardoor heeft de provider naast het low-powernetwerk met weinig snelheid ook een variant met meer bandbreedte. Vanaf juli begint T-Mobile met testen, waarna de dienst in 2019 commercieel beschikbaar moet zijn.<img src=\"http://feeds.feedburner.com/~r/tweakers/mixed/~4/Dwha40LwSB8\" height=\"1\" width=\"1\" alt=\"\"/>", "published_date": "2018-06-30T12:06:54.098Z", "feed": 3, "url": "https://tweakers.net/nieuws/140365/t-mobile-begint-in-juli-met-testen-van-lte-m-netwerk.html"}}, {"model": "dashboard.post", "pk": 28, "fields": {"name": "Apple begint introductie van verbeterde Maps-dienst in VS", "slug": "apple-begint-introductie-van-verbeterde-maps-dienst-in-vs", "content": "Apple begint met de introductie van de volgende iOS-b\u00e8ta met het verbeteren van zijn Maps-dienst. Het start daarmee in de VS. Uiteindelijk wil Apple niet meer afhankelijk zijn van de kaartgegevens van andere aanbieders.<img src=\"http://feeds.feedburner.com/~r/tweakers/mixed/~4/rI_4IflXEts\" height=\"1\" width=\"1\" alt=\"\"/>", "published_date": "2018-06-30T12:06:54.131Z", "feed": 3, "url": "https://tweakers.net/nieuws/140423/apple-begint-introductie-van-verbeterde-maps-dienst-in-vs.html"}}, {"model": "dashboard.post", "pk": 29, "fields": {"name": "De Persgroep lekt 350.000 e-mailadressen door hack op klantenservicedatabase", "slug": "de-persgroep-lekt-350-000-e-mailadressen-door-hack-op-klantenservicedatabase", "content": "De Persgroep, het bedrijf waar naast kranten als de Volkskrant en het AD ook Tweakers onder valt, heeft bekendgemaakt dat er een hack van zijn klantenservicesysteem heeft plaatsgevonden. Daarbij zijn 350.000 e-mailadressen buitgemaakt.<img src=\"http://feeds.feedburner.com/~r/tweakers/mixed/~4/3vVsLw2UjTw\" height=\"1\" width=\"1\" alt=\"\"/>", "published_date": "2018-06-30T12:06:54.146Z", "feed": 3, "url": "https://tweakers.net/nieuws/140421/de-persgroep-lekt-350000-e-mailadressen-door-hack-op-klantenservicedatabase.html"}}, {"model": "dashboard.post", "pk": 30, "fields": {"name": "Mintbox Mini 2-pc komt samen met Linux Mint 19 uit voor 299 dollar", "slug": "mintbox-mini-2-pc-komt-samen-met-linux-mint-19-uit-voor-299-dollar", "content": "Het Linux Mint-team heeft tegelijkertijd met de release van Linux Mint 19 bekendgemaakt dat de Mintbox Mini 2-pc's uitkomen voor een vanafprijs van 299 dollar. Eerste leveringen worden rond 15 juli verwacht, aldus fabrikant CompuLab.<img src=\"http://feeds.feedburner.com/~r/tweakers/mixed/~4/I8dRFwo4uek\" height=\"1\" width=\"1\" alt=\"\"/>", "published_date": "2018-06-30T12:06:54.157Z", "feed": 3, "url": "https://tweakers.net/nieuws/140413/mintbox-mini-2-pc-komt-samen-met-linux-mint-19-uit-voor-299-dollar.html"}}, {"model": "dashboard.post", "pk": 31, "fields": {"name": "Disney ontwikkelt 'stuntrobots'", "slug": "disney-ontwikkelt-stuntrobots", "content": "Disney Imagineering, het onderdeel van het bedrijf dat zich bezighoudt met het ontwerp en de ontwikkeling van Disney-parken, heeft zogenaamde Stuntronics ontwikkeld. Dat zijn een soort stuntrobots, die bijvoorbeeld in shows kunnen worden gebruikt.<img src=\"http://feeds.feedburner.com/~r/tweakers/mixed/~4/drPV_VmTCIw\" height=\"1\" width=\"1\" alt=\"\"/>", "published_date": "2018-06-30T12:06:54.187Z", "feed": 3, "url": "https://tweakers.net/geek/140417/disney-ontwikkelt-stuntrobots.html"}}, {"model": "dashboard.post", "pk": 32, "fields": {"name": "Raspbian June 2018", "slug": "raspbian-june-2018", "content": "De Raspberry Pi is een veelzijdig ontwikkelbordje waarop verschillende besturingssystemen kunnen worden gezet, afhankelijk van het doel waarvoor het ingezet gaat worden. De Raspberry Pi Foundation levert zelf Raspbian aan, dat op Debian is gebaseerd. Van Raspbian is nu een nieuwe versie verschenen en de belangrijkste verandering daarin is dat er nu een set-upwizard is als Raspbian voor de eerste keer gestart wordt. Deze moet het makkelijker maken om de basisinstellingen te configureren. De volledige releasenotes zijn hieronder te vinden.<img src=\"http://feeds.feedburner.com/~r/tweakers/mixed/~4/HQAPJrVtzNE\" height=\"1\" width=\"1\" alt=\"\"/>", "published_date": "2018-06-30T12:06:54.220Z", "feed": 3, "url": "https://tweakers.net/downloads/44809/raspbian-june-2018.html"}}, {"model": "dashboard.post", "pk": 33, "fields": {"name": "Politie: Nederlandse verdachten richtten zich op Belgen met phishingcampagne", "slug": "politie-nederlandse-verdachten-richtten-zich-op-belgen-met-phishingcampagne", "content": "Een samenwerking tussen de Nederlandse en Belgische politie heeft ertoe geleid dat er in de afgelopen week zes Nederlandse verdachten zijn opgepakt. Ze worden ervan verdacht een voornamelijk op Belgi\u00eb gerichte phishingcampagne op touw te hebben gezet.<img src=\"http://feeds.feedburner.com/~r/tweakers/mixed/~4/xeBi6QC-kfo\" height=\"1\" width=\"1\" alt=\"\"/>", "published_date": "2018-06-30T12:06:54.253Z", "feed": 3, "url": "https://tweakers.net/nieuws/140411/politie-nederlandse-verdachten-richtten-zich-op-belgen-met-phishingcampagne.html"}}, {"model": "dashboard.post", "pk": 34, "fields": {"name": "Glasvezelproject Heerhugowaard heeft veel minder aanmeldingen dan het claimde", "slug": "glasvezelproject-heerhugowaard-heeft-veel-minder-aanmeldingen-dan-het-claimde", "content": "In Heerhugowaard heeft niet 23 procent van de inwoners zich aangemeld voor glasvezel van E-Fiber, zoals deze organisatie beweerde, maar slechts 3,3 procent. Bij 35 procent zou gratis aanleg volgen.<img src=\"http://feeds.feedburner.com/~r/tweakers/mixed/~4/GkI3AMfdneI\" height=\"1\" width=\"1\" alt=\"\"/>", "published_date": "2018-06-30T12:06:54.288Z", "feed": 3, "url": "https://tweakers.net/nieuws/140409/glasvezelproject-heerhugowaard-heeft-veel-minder-aanmeldingen-dan-het-claimde.html"}}, {"model": "dashboard.post", "pk": 35, "fields": {"name": "Johan Cruijff Arena neemt back-upstroomvoorziening van 148 autoaccu's in gebruik", "slug": "johan-cruijff-arena-neemt-back-upstroomvoorziening-van-148-autoaccus-in-gebruik", "content": "De Johan Cruijff Arena heeft vrijdag een opslagsysteem voor elektriciteit in gebruik genomen dat bestaat uit 148 tweedehands accu's van Nissan Leaf-auto's. De accu's helpen het elektriciteitsnet te stabiliseren.<img src=\"http://feeds.feedburner.com/~r/tweakers/mixed/~4/LldBVtRArAc\" height=\"1\" width=\"1\" alt=\"\"/>", "published_date": "2018-06-30T12:06:54.355Z", "feed": 3, "url": "https://tweakers.net/nieuws/140407/johan-cruijff-arena-neemt-back-upstroomvoorziening-van-148-autoaccus-in-gebruik.html"}}, {"model": "dashboard.post", "pk": 36, "fields": {"name": "Bank zegt Ticketmaster begin april al over fraude te hebben ge\u00efnformeerd", "slug": "bank-zegt-ticketmaster-begin-april-al-over-fraude-te-hebben-ge\u00efnformeerd", "content": "De Britse bank Monzo waarschuwde Ticketmaster al begin april over opvallende transacties die wellicht wezen op een datalek. De bank claimt na onderzoek destijds al overtuigd geweest te zijn dat er sprake was van een datalek.<img src=\"http://feeds.feedburner.com/~r/tweakers/mixed/~4/R86AecVcxsw\" height=\"1\" width=\"1\" alt=\"\"/>", "published_date": "2018-06-30T12:06:54.402Z", "feed": 3, "url": "https://tweakers.net/nieuws/140405/bank-zegt-ticketmaster-begin-april-al-over-fraude-te-hebben-geinformeerd.html"}}, {"model": "dashboard.post", "pk": 37, "fields": {"name": "KPN toont nieuwe Experiabox V10a met vplus-ondersteuning - update", "slug": "kpn-toont-nieuwe-experiabox-v10a-met-vplus-ondersteuning-update", "content": "KPN gaat een nieuwe Experiabox verstrekken aan klanten. Het gaat om het model V10a van de fabrikant Arcadyan. De box ondersteunt direct de dsl-techniek vplus voor 200Mbit/s- en bonded 400Mbit/s-snelheden.<img src=\"http://feeds.feedburner.com/~r/tweakers/mixed/~4/qlxL7DNeNAs\" height=\"1\" width=\"1\" alt=\"\"/>", "published_date": "2018-06-30T12:06:54.425Z", "feed": 3, "url": "https://tweakers.net/nieuws/140399/kpn-toont-nieuwe-experiabox-v10a-met-vplus-ondersteuning.html"}}, {"model": "dashboard.post", "pk": 38, "fields": {"name": "Vodafone zet lte-m-netwerk live", "slug": "vodafone-zet-lte-m-netwerk-live", "content": "VodafoneZiggo heeft een lte-m-netwerk live gezet. Lte-m zal werken in aanvulling op nb-iot, het netwerk voor het internet-of-things dat de provider al in de lucht had. Met lte-m is een hogere bandbreedte en spraak mogelijk voor iot-toepassingen.<img src=\"http://feeds.feedburner.com/~r/tweakers/mixed/~4/bp4fXOMVEY0\" height=\"1\" width=\"1\" alt=\"\"/>", "published_date": "2018-06-30T12:06:54.451Z", "feed": 3, "url": "https://tweakers.net/nieuws/140403/vodafone-zet-lte-m-netwerk-live.html"}}, {"model": "dashboard.post", "pk": 39, "fields": {"name": "Kwaadwillenden hebben Linux-distributie Gentoo op GitHub aangepast", "slug": "kwaadwillenden-hebben-linux-distributie-gentoo-op-github-aangepast", "content": "De ontwikkelaars van Gentoo waarschuwen dat onbekenden het beheer over hun GitHub-account wisten over te nemen en de inhoud van repositories en pagina's hebben aangepast. Alle op GitHub gehoste code moet als onveilig worden beschouwd.<img src=\"http://feeds.feedburner.com/~r/tweakers/mixed/~4/slmfxzTpECI\" height=\"1\" width=\"1\" alt=\"\"/>", "published_date": "2018-06-30T12:06:54.468Z", "feed": 3, "url": "https://tweakers.net/nieuws/140395/kwaadwillenden-hebben-linux-distributie-gentoo-op-github-aangepast.html"}}, {"model": "dashboard.post", "pk": 40, "fields": {"name": "Productie van Halo-serie met tien afleveringen begint volgend jaar", "slug": "productie-van-halo-serie-met-tien-afleveringen-begint-volgend-jaar", "content": "De Amerikaanse betaalzender Showtime heeft de opdracht gegeven voor de productie van een serie op basis van de Halo-games. Het eerste seizoen zal uit tien afleveringen bestaan en gaat begin 2019 in productie.<img src=\"http://feeds.feedburner.com/~r/tweakers/mixed/~4/pp1PZnxiS4Y\" height=\"1\" width=\"1\" alt=\"\"/>", "published_date": "2018-06-30T12:06:54.479Z", "feed": 3, "url": "https://tweakers.net/nieuws/140397/productie-van-halo-serie-met-tien-afleveringen-begint-volgend-jaar.html"}}, {"model": "dashboard.post", "pk": 41, "fields": {"name": "Lenovo noemt komst GeForce GTX 1180-videokaart", "slug": "lenovo-noemt-komst-geforce-gtx-1180-videokaart", "content": "Lenovo maakt in een interview melding van de komst van een 'GeForce 11-serie' en de 'GTX 1180-videokaart' van Nvidia. Daarmee lijkt de fabrikant de naam te hebben onthuld waaronder Nvidia de komende generatie kaarten gaat uitbrengen.<img src=\"http://feeds.feedburner.com/~r/tweakers/mixed/~4/ivFuiziBZrI\" height=\"1\" width=\"1\" alt=\"\"/>", "published_date": "2018-06-30T12:06:54.491Z", "feed": 3, "url": "https://tweakers.net/nieuws/140393/lenovo-noemt-komst-geforce-gtx-1180-videokaart.html"}}, {"model": "dashboard.post", "pk": 42, "fields": {"name": "Gerucht: Google wil gamestudio's kopen voor eigen gamestreamdienst Yeti", "slug": "gerucht-google-wil-gamestudios-kopen-voor-eigen-gamestreamdienst-yeti", "content": "Google is in gesprek om studio's over te nemen die games moeten gaan ontwikkelen voor de eigen streamingdienst Yeti, meldt Kotaku. Het is onbekend met wie Google in gesprek is en wat voor games dat moet opleveren.<img src=\"http://feeds.feedburner.com/~r/tweakers/mixed/~4/H_mMTAvqB9I\" height=\"1\" width=\"1\" alt=\"\"/>", "published_date": "2018-06-30T12:06:54.520Z", "feed": 3, "url": "https://tweakers.net/nieuws/140389/gerucht-google-wil-gamestudios-kopen-voor-eigen-gamestreamdienst-yeti.html"}}, {"model": "dashboard.post", "pk": 43, "fields": {"name": "Synology Router Management 1.1.7 build 6941-1", "slug": "synology-router-management-1-1-7-build-6941-1", "content": "Synology heeft een update voor versie 1.1.7 van Router Management uitgebracht. SRM is de firmware die op de RT1900ac- en RT2600ac-routers draait en is in zekere zin vergelijkbaar met Disk Station Manager, de firmware voor de nassen van hetzelfde bedrijf. Deze apparaten weten uitstekende prestaties neer te zetten, hebben uitgebreide mogelijkheden en zijn via een overzichtelijke webinterface eenvoudig te bedienen. In deze uitgave zijn de volgende verbeteringen doorgevoerd:<img src=\"http://feeds.feedburner.com/~r/tweakers/mixed/~4/kYpTGtt0_m4\" height=\"1\" width=\"1\" alt=\"\"/>", "published_date": "2018-06-30T12:06:54.534Z", "feed": 3, "url": "https://tweakers.net/downloads/44807/synology-router-management-117-build-6941-1.html"}}, {"model": "dashboard.post", "pk": 44, "fields": {"name": "Motorola plant smartphone-evenement voor 2 augustus", "slug": "motorola-plant-smartphone-evenement-voor-2-augustus", "content": "Lenovo heeft een evenement gepland op 2 augustus om nieuwe Motorola-hardware aan te kondigen. Het gaat volgens het bedrijf om een smartphone die een 'nieuwe manier om te verbinden' mogelijk maakt.<img src=\"http://feeds.feedburner.com/~r/tweakers/mixed/~4/7zDWSEc7d7k\" height=\"1\" width=\"1\" alt=\"\"/>", "published_date": "2018-06-30T12:06:54.564Z", "feed": 3, "url": "https://tweakers.net/nieuws/140387/motorola-plant-smartphone-evenement-voor-2-augustus.html"}}, {"model": "dashboard.post", "pk": 45, "fields": {"name": "Chromebooks met Intel Apollo Lake-chips krijgen ondersteuning voor Linux-apps", "slug": "chromebooks-met-intel-apollo-lake-chips-krijgen-ondersteuning-voor-linux-apps", "content": "Google heeft ondersteuning voor het draaien van Linux-applicaties ingeschakeld voor Chromebooks die Apollo Lake-socs bevatten. In totaal gaat het om achttien Chromebooks van Acer, Asus, Lenovo en Dell.<img src=\"http://feeds.feedburner.com/~r/tweakers/mixed/~4/y-koud6EPCY\" height=\"1\" width=\"1\" alt=\"\"/>", "published_date": "2018-06-30T12:06:54.580Z", "feed": 3, "url": "https://tweakers.net/nieuws/140385/chromebooks-met-intel-apollo-lake-chips-krijgen-ondersteuning-voor-linux-apps.html"}}, {"model": "dashboard.post", "pk": 46, "fields": {"name": "Video laat zien hoe toets op MacBook defect raakt van stukje stof", "slug": "video-laat-zien-hoe-toets-op-macbook-defect-raakt-van-stukje-stof", "content": "Reparatiewebsite iFixit heeft een video online gezet die laat zien hoe toetsen op een Butterfly-toetsenbord van een MacBook of MacBook Pro defect kunnen raken van een stofje. Het stofje komt in de wig aan de boven- en onderkant van de toets, waardoor hij niet meer in te drukken is.<img src=\"http://feeds.feedburner.com/~r/tweakers/mixed/~4/LW0uKQtdcNU\" height=\"1\" width=\"1\" alt=\"\"/>", "published_date": "2018-06-30T12:06:54.590Z", "feed": 3, "url": "https://tweakers.net/geek/140383/video-laat-zien-hoe-toets-op-macbook-defect-raakt-van-stukje-stof.html"}}, {"model": "dashboard.post", "pk": 47, "fields": {"name": "Gebruikers Instagram kunnen muziek laten afspelen bij Stories", "slug": "gebruikers-instagram-kunnen-muziek-laten-afspelen-bij-stories", "content": "Gebruikers van Instagram krijgen de optie om muziek toe te voegen aan hun Stories, die andere gebruikers horen bij het bekijken van hun foto's of video's. Behalve dat de app de muziek afspeelt, staat er een sticker in beeld met de artiest en het liedje.<img src=\"http://feeds.feedburner.com/~r/tweakers/mixed/~4/37NzFXHp09U\" height=\"1\" width=\"1\" alt=\"\"/>", "published_date": "2018-06-30T12:06:54.620Z", "feed": 3, "url": "https://tweakers.net/nieuws/140381/gebruikers-instagram-kunnen-muziek-laten-afspelen-bij-stories.html"}}, {"model": "dashboard.post", "pk": 48, "fields": {"name": "Grote games kiezen voor gratis dlc - Aanpasbare looks winnen van betaalpas", "slug": "grote-games-kiezen-voor-gratis-dlc-aanpasbare-looks-winnen-van-betaalpas", "content": "Bij Battlefield V en The Division 2 wordt betaalde dlc verleden tijd, waarschijnlijk mede door de kritiek hierop en vanwege het lucratieve van cosmetische items.<img src=\"http://feeds.feedburner.com/~r/tweakers/mixed/~4/BAfyvll44XY\" height=\"1\" width=\"1\" alt=\"\"/>", "published_date": "2018-06-30T12:06:54.653Z", "feed": 3, "url": "https://tweakers.net/reviews/6325/grote-games-kiezen-voor-gratis-dlc-aanpasbare-looks-winnen-van-betaalpas.html"}}, {"model": "dashboard.post", "pk": 49, "fields": {"name": "Onderzoekers ontwikkelen exploit voor elke Android-smartphone met lpddr-geheugen", "slug": "onderzoekers-ontwikkelen-exploit-voor-elke-android-smartphone-met-lpddr-geheugen", "content": "Acht onderzoekers, waarvan drie van de Vrije Universiteit in Amsterdam, hebben de proof-of-concept RAMpage onthuld, waarmee ze Android-smartphones kunnen overnemen. Met RAMpage borduren ze voort op Rowhammer.<img src=\"http://feeds.feedburner.com/~r/tweakers/mixed/~4/TqDh0znVw48\" height=\"1\" width=\"1\" alt=\"\"/>", "published_date": "2018-06-30T12:06:54.686Z", "feed": 3, "url": "https://tweakers.net/nieuws/140379/onderzoekers-ontwikkelen-exploit-voor-elke-android-smartphone-met-lpddr-geheugen.html"}}, {"model": "dashboard.post", "pk": 50, "fields": {"name": "YouTube experimenteert met automatisch genereren van thumbnails", "slug": "youtube-experimenteert-met-automatisch-genereren-van-thumbnails", "content": "YouTube test bij een klein deel van zijn gebruikers een weergave van automatisch gegenereerde thumbnails. Sommige gebruikers klagen erover, omdat ze veel tijd steken in het maken van opvallende thumbnails.<img src=\"http://feeds.feedburner.com/~r/tweakers/mixed/~4/uk0QEAl2THY\" height=\"1\" width=\"1\" alt=\"\"/>", "published_date": "2018-06-30T12:06:54.701Z", "feed": 3, "url": "https://tweakers.net/nieuws/140377/youtube-experimenteert-met-automatisch-genereren-van-thumbnails.html"}}, {"model": "dashboard.post", "pk": 51, "fields": {"name": "Synology DSM 6.2 build 23739-1", "slug": "synology-dsm-6-2-build-23739-1", "content": "Synology heeft de eerste update voor versie 6.2 van Disk Station Manager uitgebracht. Synology DSM is de beheersoftware die op diverse nas-producten van het bedrijf draait. De Disk en Rack Stations bieden meer dan alleen extra opslagruimte. Zo kunnen ook back-ups van alle clients op het netwerk worden gemaakt en kunnen bestanden via http, ftp, bittorrent, usenet en emule worden gedownload, zodat bijvoorbeeld energiegulzige pc's 's nachts uit kunnen, terwijl de download gewoon binnenkomt. Verder kunnen via de ingebouwde iTunes-server audio- en videobestanden over het netwerk worden gestreamd, kan met behulp van php en MySQL een dynamische website worden gehost en kan het apparaat als printserver fungeren.<img src=\"http://feeds.feedburner.com/~r/tweakers/mixed/~4/t77Y_M-5EBA\" height=\"1\" width=\"1\" alt=\"\"/>", "published_date": "2018-06-30T12:06:54.730Z", "feed": 3, "url": "https://tweakers.net/downloads/44803/synology-dsm-62-build-23739-1.html"}}, {"model": "dashboard.post", "pk": 52, "fields": {"name": "Niantic test objectherkenning voor engine van Pok\u00e9mon Go", "slug": "niantic-test-objectherkenning-voor-engine-van-pok\u00e9mon-go", "content": "Niantic heeft het Britse machinevisionbedrijf Matrix Mill overgenomen. Het doel is om Niantics Real World Platform, de engine achter Pok\u00e9mon Go, een beter begrip van objecten in de fysieke wereld te geven.<img src=\"http://feeds.feedburner.com/~r/tweakers/mixed/~4/Ue-AE8gRaYU\" height=\"1\" width=\"1\" alt=\"\"/>", "published_date": "2018-06-30T12:06:54.746Z", "feed": 3, "url": "https://tweakers.net/nieuws/140375/niantic-test-objectherkenning-voor-engine-van-pokemon-go.html"}}, {"model": "dashboard.post", "pk": 53, "fields": {"name": "CCleaner 5.44.6575", "slug": "ccleaner-5-44-6575", "content": "Piriform heeft een update voor versie 5.44 van CCleaner uitgebracht. Met dit programma kunnen diverse onderdelen van Windows worden opgeschoond. Hierbij valt te denken aan tijdelijke Windows- en internetbestanden, maar ook aan overbodige rommel van een groot aantal andere programma's, waaronder Windows Media Player, Google Toolbar, Microsoft Office, Photoshop, WinRAR en ga zo maar door. Bovendien is het aantal programma's waarvan CCleaner de rommel kan opruimen, eenvoudig uit te breiden met het programma CCEnhancer.<img src=\"http://feeds.feedburner.com/~r/tweakers/mixed/~4/bTdwS-Uj4gQ\" height=\"1\" width=\"1\" alt=\"\"/>", "published_date": "2018-06-30T12:06:54.756Z", "feed": 3, "url": "https://tweakers.net/downloads/44801/ccleaner-5446575.html"}}, {"model": "dashboard.post", "pk": 54, "fields": {"name": "Opera 54.0.2952.41", "slug": "opera-54-0-2952-41", "content": "Opera heeft versie 54 van zijn gelijknamige webbrowser uitgebracht. Opera is vier jaar geleden overgestapt van de in eigen huis ontwikkelde render-engine Presto naar Blink. Deze maakt deel uit van Chromium, dat onder meer ook door Google Chrome gebruikt wordt. Opera is beschikbaar voor Windows, Linux en macOS. Er zijn ook versies voor BSD en Solaris, maar deze zijn nog op de oude technologie gebaseerd. In versie 54 treffen we de volgende veranderingen en verbeteringen aan:<img src=\"http://feeds.feedburner.com/~r/tweakers/mixed/~4/o8IWdaaWrBc\" height=\"1\" width=\"1\" alt=\"\"/>", "published_date": "2018-06-30T12:06:54.767Z", "feed": 3, "url": "https://tweakers.net/downloads/44799/opera-540295241.html"}}, {"model": "dashboard.post", "pk": 55, "fields": {"name": "EA heeft Star Wars-game waar Visceral Games aan werkte geschrapt", "slug": "ea-heeft-star-wars-game-waar-visceral-games-aan-werkte-geschrapt", "content": "Electronic Arts heeft de ontwikkeling van de Star Wars-game die EA Vancouver had overgenomen van het vorig jaar gesloten Visceral Games stopgezet. Dat blijkt uit uitlatingen van Uncharted-bedenker Amy Hennig<img src=\"http://feeds.feedburner.com/~r/tweakers/mixed/~4/wHYzjyqKAu0\" height=\"1\" width=\"1\" alt=\"\"/>", "published_date": "2018-06-30T12:06:54.779Z", "feed": 3, "url": "https://tweakers.net/nieuws/140373/ea-heeft-star-wars-game-waar-visceral-games-aan-werkte-geschrapt.html"}}, {"model": "dashboard.post", "pk": 56, "fields": {"name": "Apple maakt verhogen Apple ID-saldo via iDeal mogelijk", "slug": "apple-maakt-verhogen-apple-id-saldo-via-ideal-mogelijk", "content": "Apple heeft iDeal toegevoegd als betaalmogelijkheid voor het verhogen van het saldo van Apple ID-accounts. Nederlandse gebruikers zijn daarmee niet meer aangewezen op een creditcard, PayPal of iTunes-kaarten voor aankopen.<img src=\"http://feeds.feedburner.com/~r/tweakers/mixed/~4/hGiL6NGHnvM\" height=\"1\" width=\"1\" alt=\"\"/>", "published_date": "2018-06-30T12:06:54.789Z", "feed": 3, "url": "https://tweakers.net/nieuws/140371/apple-maakt-verhogen-apple-id-saldo-via-ideal-mogelijk.html"}}, {"model": "dashboard.post", "pk": 57, "fields": {"name": "Razer introduceert toetsenborden met optisch-mechanische switches", "slug": "razer-introduceert-toetsenborden-met-optisch-mechanische-switches", "content": "Razer heeft zijn Huntsman-lijn van toetsenborden met optisch-mechanische switches aangekondigd. De schakelaars van de Razer Huntsman en de Huntsman Elite zijn van infraroodsensoren voorzien.<img src=\"http://feeds.feedburner.com/~r/tweakers/mixed/~4/oPu-xVO3HzE\" height=\"1\" width=\"1\" alt=\"\"/>", "published_date": "2018-06-30T12:06:54.801Z", "feed": 3, "url": "https://tweakers.net/nieuws/140369/razer-introduceert-toetsenborden-met-optisch-mechanische-switches.html"}}, {"model": "dashboard.post", "pk": 58, "fields": {"name": "Raad voor de Rechtspraak legt project voor uitbreiding digitaal procederen stil", "slug": "raad-voor-de-rechtspraak-legt-project-voor-uitbreiding-digitaal-procederen-stil", "content": "De digitalisering van de Nederlandse rechtspraak zal voor handelsvorderingszaken niet landelijk worden ingevoerd. De Raad voor de Rechtspraak acht het niet verantwoord door een omstreden kwaliteit van de software van het systeem en omdat het systeem niet langer wordt ontwikkeld.<img src=\"http://feeds.feedburner.com/~r/tweakers/mixed/~4/Mi6DbgSpQlY\" height=\"1\" width=\"1\" alt=\"\"/>", "published_date": "2018-06-30T12:06:54.830Z", "feed": 3, "url": "https://tweakers.net/nieuws/140361/raad-voor-de-rechtspraak-legt-project-voor-uitbreiding-digitaal-procederen-stil.html"}}, {"model": "dashboard.post", "pk": 59, "fields": {"name": "OM brengt twee Groningers voor rechter vanwege fraude met Ziggo-smartcard", "slug": "om-brengt-twee-groningers-voor-rechter-vanwege-fraude-met-ziggo-smartcard", "content": "Het Openbaar Ministerie brengt twee Groningers voor de rechter vanwege 'cardsharing'. Daarbij heeft de veertigjarige hoofdverdachte volgens het OM zijn Ziggo-smartcard ontsleuteld en daardoor meer dan 150 anderen goedkopere digitale tv gegeven.<img src=\"http://feeds.feedburner.com/~r/tweakers/mixed/~4/--oqKxKcHS8\" height=\"1\" width=\"1\" alt=\"\"/>", "published_date": "2018-06-30T12:06:54.846Z", "feed": 3, "url": "https://tweakers.net/nieuws/140367/om-brengt-twee-groningers-voor-rechter-vanwege-fraude-met-ziggo-smartcard.html"}}, {"model": "dashboard.post", "pk": 60, "fields": {"name": "Gerucht: LG gaat klein deel oledschermen voor grootste iPhone leveren", "slug": "gerucht-lg-gaat-klein-deel-oledschermen-voor-grootste-iphone-leveren", "content": "LG gaat volgens een nieuw gerucht twee tot vier miljoen exemplaren van zijn oledschermen leveren voor de grootste iPhone X. De panelen voor de iPhone X van vorig jaar zijn allemaal afkomstig van Samsung.<img src=\"http://feeds.feedburner.com/~r/tweakers/mixed/~4/9Zw-4Y9drUo\" height=\"1\" width=\"1\" alt=\"\"/>", "published_date": "2018-06-30T12:06:54.875Z", "feed": 3, "url": "https://tweakers.net/nieuws/140363/gerucht-lg-gaat-klein-deel-oledschermen-voor-grootste-iphone-leveren.html"}}, {"model": "dashboard.post", "pk": 61, "fields": {"name": "Meer landen steunen plan Merkel voor terugnemen migranten", "slug": "meer-landen-steunen-plan-merkel-voor-terugnemen-migranten", "content": "Nog eens veertien Europese landen hebben aan Duitsland toegezegd migranten sneller terug te nemen. Onder de landen zijn Nederland en kritische landen op migratiegebied als Polen, Tsjechi\u00eb en Hongarije, meldt het Duitse persbureau <em>DPA</em>.", "published_date": "2018-06-30T12:27:45.575Z", "feed": 1, "url": "https://www.nu.nl/algemeen/5339942/meer-landen-steunen-plan-merkel-terugnemen-migranten.html"}}, {"model": "dashboard.post", "pk": 62, "fields": {"name": "Left 4 Dead-makers werken aan nieuwe game in 'wereldwijd bekende gamefranchise'", "slug": "left-4-dead-makers-werken-aan-nieuwe-game-in-wereldwijd-bekende-gamefranchise", "content": "Turtle Rock, de gamestudio die onder andere bestaat uit ontwikkelaars die aan de Left 4 Dead-games hebben gewerkt, zijn bezig aan een nieuwe game in een 'wereldwijd bekende gamefranchise'. De studio is ook bekend van online co-opgame Evolve.<img src=\"http://feeds.feedburner.com/~r/tweakers/mixed/~4/n4YrFgyMnmk\" height=\"1\" width=\"1\" alt=\"\"/>", "published_date": "2018-06-30T12:27:46.065Z", "feed": 3, "url": "https://tweakers.net/nieuws/140437/left-4-dead-makers-werken-aan-nieuwe-game-in-wereldwijd-bekende-gamefranchise.html"}}, {"model": "dashboard.userpost", "pk": 1, "fields": {"user": 2, "post": 1, "state": "unread"}}, {"model": "dashboard.userpost", "pk": 2, "fields": {"user": 2, "post": 2, "state": "unread"}}, {"model": "dashboard.userpost", "pk": 3, "fields": {"user": 2, "post": 3, "state": "unread"}}, {"model": "dashboard.userpost", "pk": 4, "fields": {"user": 2, "post": 4, "state": "unread"}}, {"model": "dashboard.userpost", "pk": 5, "fields": {"user": 2, "post": 5, "state": "unread"}}, {"model": "dashboard.userpost", "pk": 6, "fields": {"user": 2, "post": 6, "state": "unread"}}, {"model": "dashboard.userpost", "pk": 7, "fields": {"user": 2, "post": 7, "state": "unread"}}, {"model": "dashboard.userpost", "pk": 8, "fields": {"user": 2, "post": 8, "state": "readlater"}}, {"model": "dashboard.userpost", "pk": 9, "fields": {"user": 2, "post": 9, "state": "favorite"}}, {"model": "dashboard.userpost", "pk": 10, "fields": {"user": 2, "post": 10, "state": "read"}}, {"model": "dashboard.userpost", "pk": 11, "fields": {"user": 2, "post": 11, "state": "unread"}}, {"model": "dashboard.userpost", "pk": 12, "fields": {"user": 2, "post": 12, "state": "unread"}}, {"model": "dashboard.userpost", "pk": 13, "fields": {"user": 2, "post": 13, "state": "unread"}}, {"model": "dashboard.userpost", "pk": 14, "fields": {"user": 2, "post": 14, "state": "unread"}}, {"model": "dashboard.userpost", "pk": 15, "fields": {"user": 2, "post": 15, "state": "unread"}}, {"model": "dashboard.userpost", "pk": 16, "fields": {"user": 2, "post": 16, "state": "unread"}}, {"model": "dashboard.userpost", "pk": 17, "fields": {"user": 2, "post": 17, "state": "unread"}}, {"model": "dashboard.userpost", "pk": 18, "fields": {"user": 2, "post": 18, "state": "unread"}}, {"model": "dashboard.userpost", "pk": 19, "fields": {"user": 2, "post": 19, "state": "unread"}}, {"model": "dashboard.userpost", "pk": 20, "fields": {"user": 2, "post": 20, "state": "unread"}}, {"model": "dashboard.userpost", "pk": 21, "fields": {"user": 2, "post": 61, "state": "unread"}}, {"model": "dashboard.userpost", "pk": 22, "fields": {"user": 2, "post": 62, "state": "unread"}}, {"model": "dashboard.userpost", "pk": 23, "fields": {"user": 2, "post": 60, "state": "unread"}}, {"model": "dashboard.userpost", "pk": 24, "fields": {"user": 2, "post": 59, "state": "unread"}}, {"model": "dashboard.userpost", "pk": 25, "fields": {"user": 2, "post": 58, "state": "unread"}}, {"model": "dashboard.userpost", "pk": 26, "fields": {"user": 2, "post": 57, "state": "unread"}}, {"model": "dashboard.userpost", "pk": 27, "fields": {"user": 2, "post": 56, "state": "unread"}}, {"model": "dashboard.userpost", "pk": 28, "fields": {"user": 2, "post": 55, "state": "unread"}}, {"model": "dashboard.userpost", "pk": 29, "fields": {"user": 2, "post": 54, "state": "unread"}}, {"model": "dashboard.userpost", "pk": 30, "fields": {"user": 2, "post": 53, "state": "unread"}}, {"model": "dashboard.userpost", "pk": 31, "fields": {"user": 2, "post": 52, "state": "unread"}}, {"model": "dashboard.userpost", "pk": 32, "fields": {"user": 2, "post": 51, "state": "unread"}}, {"model": "dashboard.userpost", "pk": 33, "fields": {"user": 2, "post": 50, "state": "unread"}}, {"model": "dashboard.userpost", "pk": 34, "fields": {"user": 2, "post": 49, "state": "unread"}}, {"model": "dashboard.userpost", "pk": 35, "fields": {"user": 2, "post": 48, "state": "unread"}}, {"model": "dashboard.userpost", "pk": 36, "fields": {"user": 2, "post": 47, "state": "unread"}}, {"model": "dashboard.userpost", "pk": 37, "fields": {"user": 2, "post": 46, "state": "unread"}}, {"model": "dashboard.userpost", "pk": 38, "fields": {"user": 2, "post": 45, "state": "unread"}}, {"model": "dashboard.userpost", "pk": 39, "fields": {"user": 2, "post": 44, "state": "unread"}}, {"model": "dashboard.userpost", "pk": 40, "fields": {"user": 2, "post": 43, "state": "unread"}}, {"model": "dashboard.userpost", "pk": 41, "fields": {"user": 2, "post": 42, "state": "unread"}}, {"model": "dashboard.userpost", "pk": 42, "fields": {"user": 2, "post": 41, "state": "unread"}}, {"model": "dashboard.userpost", "pk": 43, "fields": {"user": 2, "post": 40, "state": "unread"}}, {"model": "dashboard.userpost", "pk": 44, "fields": {"user": 2, "post": 39, "state": "unread"}}, {"model": "dashboard.userpost", "pk": 45, "fields": {"user": 2, "post": 38, "state": "unread"}}, {"model": "dashboard.userpost", "pk": 46, "fields": {"user": 2, "post": 37, "state": "unread"}}, {"model": "dashboard.userpost", "pk": 47, "fields": {"user": 2, "post": 36, "state": "unread"}}, {"model": "dashboard.userpost", "pk": 48, "fields": {"user": 2, "post": 35, "state": "unread"}}, {"model": "dashboard.userpost", "pk": 49, "fields": {"user": 2, "post": 34, "state": "unread"}}, {"model": "dashboard.userpost", "pk": 50, "fields": {"user": 2, "post": 33, "state": "unread"}}, {"model": "dashboard.userpost", "pk": 51, "fields": {"user": 2, "post": 32, "state": "unread"}}, {"model": "dashboard.userpost", "pk": 52, "fields": {"user": 2, "post": 31, "state": "unread"}}, {"model": "dashboard.userpost", "pk": 53, "fields": {"user": 2, "post": 30, "state": "unread"}}, {"model": "dashboard.userpost", "pk": 54, "fields": {"user": 2, "post": 29, "state": "unread"}}, {"model": "dashboard.userpost", "pk": 55, "fields": {"user": 2, "post": 28, "state": "unread"}}, {"model": "dashboard.userpost", "pk": 56, "fields": {"user": 2, "post": 27, "state": "unread"}}, {"model": "dashboard.userpost", "pk": 57, "fields": {"user": 2, "post": 26, "state": "unread"}}, {"model": "dashboard.userpost", "pk": 58, "fields": {"user": 2, "post": 25, "state": "unread"}}, {"model": "dashboard.userpost", "pk": 59, "fields": {"user": 2, "post": 24, "state": "unread"}}, {"model": "dashboard.userpost", "pk": 60, "fields": {"user": 2, "post": 23, "state": "unread"}}, {"model": "dashboard.userpost", "pk": 61, "fields": {"user": 2, "post": 22, "state": "unread"}}, {"model": "dashboard.userpost", "pk": 62, "fields": {"user": 2, "post": 21, "state": "unread"}}, {"model": "dashboard.comment", "pk": 1, "fields": {"user": 2, "content": "<p>Thanks for the info</p>", "post": 9, "parent": null, "created_date": "2018-06-30T12:08:00.382Z"}}, {"model": "django_celery_results.taskresult", "pk": 1, "fields": {"task_id": "005ed298-6917-4e0d-bb2f-c6d5b6908042", "status": "SUCCESS", "content_type": "application/json", "content_encoding": "utf-8", "result": "null", "date_done": "2018-06-30T12:05:53.954Z", "traceback": null, "hidden": false, "meta": "{\"children\": []}"}}, {"model": "django_celery_results.taskresult", "pk": 2, "fields": {"task_id": "03302955-d5fb-47c0-8c8f-bcdb20e00b7b", "status": "SUCCESS", "content_type": "application/json", "content_encoding": "utf-8", "result": "null", "date_done": "2018-06-30T12:06:14.814Z", "traceback": null, "hidden": false, "meta": "{\"children\": []}"}}, {"model": "django_celery_results.taskresult", "pk": 3, "fields": {"task_id": "73db2157-5c51-4355-a29a-630d6ecccf47", "status": "SUCCESS", "content_type": "application/json", "content_encoding": "utf-8", "result": "null", "date_done": "2018-06-30T12:06:18.419Z", "traceback": null, "hidden": false, "meta": "{\"children\": []}"}}, {"model": "django_celery_results.taskresult", "pk": 4, "fields": {"task_id": "e10dbacd-2fbf-4e92-b05f-08aa7ae8cbe0", "status": "SUCCESS", "content_type": "application/json", "content_encoding": "utf-8", "result": "null", "date_done": "2018-06-30T12:06:28.426Z", "traceback": null, "hidden": false, "meta": "{\"children\": []}"}}, {"model": "django_celery_results.taskresult", "pk": 5, "fields": {"task_id": "66ae21e3-2b4f-4f25-b569-062154eaabb9", "status": "SUCCESS", "content_type": "application/json", "content_encoding": "utf-8", "result": "null", "date_done": "2018-06-30T12:06:54.891Z", "traceback": null, "hidden": false, "meta": "{\"children\": []}"}}, {"model": "django_celery_results.taskresult", "pk": 6, "fields": {"task_id": "aa341ec0-0171-497b-a870-54cfee9d4b5d", "status": "SUCCESS", "content_type": "application/json", "content_encoding": "utf-8", "result": "null", "date_done": "2018-06-30T12:06:58.686Z", "traceback": null, "hidden": false, "meta": "{\"children\": []}"}}, {"model": "django_celery_results.taskresult", "pk": 7, "fields": {"task_id": "9f1ebf90-b89d-4d6c-836a-50b7539bd034", "status": "SUCCESS", "content_type": "application/json", "content_encoding": "utf-8", "result": "null", "date_done": "2018-06-30T12:07:13.882Z", "traceback": null, "hidden": false, "meta": "{\"children\": []}"}}, {"model": "django_celery_results.taskresult", "pk": 8, "fields": {"task_id": "ed14acdc-70d0-46ee-82a4-ad3c07750b5f", "status": "SUCCESS", "content_type": "application/json", "content_encoding": "utf-8", "result": "null", "date_done": "2018-06-30T12:07:18.706Z", "traceback": null, "hidden": false, "meta": "{\"children\": []}"}}, {"model": "django_celery_results.taskresult", "pk": 9, "fields": {"task_id": "94529bae-d188-4502-b247-5baafbaaae9b", "status": "SUCCESS", "content_type": "application/json", "content_encoding": "utf-8", "result": "null", "date_done": "2018-06-30T12:07:33.887Z", "traceback": null, "hidden": false, "meta": "{\"children\": []}"}}, {"model": "django_celery_results.taskresult", "pk": 10, "fields": {"task_id": "89d82bf6-74be-4a7d-aa60-eab403ee198b", "status": "SUCCESS", "content_type": "application/json", "content_encoding": "utf-8", "result": "null", "date_done": "2018-06-30T12:07:38.731Z", "traceback": null, "hidden": false, "meta": "{\"children\": []}"}}, {"model": "django_celery_results.taskresult", "pk": 11, "fields": {"task_id": "b48dcb0b-52c6-436e-871a-7e0619509ef2", "status": "SUCCESS", "content_type": "application/json", "content_encoding": "utf-8", "result": "null", "date_done": "2018-06-30T12:07:53.873Z", "traceback": null, "hidden": false, "meta": "{\"children\": []}"}}, {"model": "django_celery_results.taskresult", "pk": 12, "fields": {"task_id": "1b18056a-d619-4f13-89df-b38a67bf789e", "status": "SUCCESS", "content_type": "application/json", "content_encoding": "utf-8", "result": "null", "date_done": "2018-06-30T12:08:03.894Z", "traceback": null, "hidden": false, "meta": "{\"children\": []}"}}, {"model": "django_celery_results.taskresult", "pk": 13, "fields": {"task_id": "b3ae59d2-0a8e-4328-aa28-4bf7dae0f67e", "status": "SUCCESS", "content_type": "application/json", "content_encoding": "utf-8", "result": "null", "date_done": "2018-06-30T12:08:28.706Z", "traceback": null, "hidden": false, "meta": "{\"children\": []}"}}, {"model": "django_celery_results.taskresult", "pk": 14, "fields": {"task_id": "89a5351a-0544-48ad-aea8-f4c7bbceffbc", "status": "SUCCESS", "content_type": "application/json", "content_encoding": "utf-8", "result": "null", "date_done": "2018-06-30T12:08:38.714Z", "traceback": null, "hidden": false, "meta": "{\"children\": []}"}}, {"model": "django_celery_results.taskresult", "pk": 15, "fields": {"task_id": "934b4893-cd30-47fe-a658-2ecaa7f5916e", "status": "SUCCESS", "content_type": "application/json", "content_encoding": "utf-8", "result": "null", "date_done": "2018-06-30T12:27:46.097Z", "traceback": null, "hidden": false, "meta": "{\"children\": []}"}}, {"model": "django_celery_results.taskresult", "pk": 16, "fields": {"task_id": "104d03a9-055b-4ec5-9674-d51ae3b79283", "status": "SUCCESS", "content_type": "application/json", "content_encoding": "utf-8", "result": "null", "date_done": "2018-06-30T12:27:54.951Z", "traceback": null, "hidden": false, "meta": "{\"children\": []}"}}, {"model": "django_celery_results.taskresult", "pk": 17, "fields": {"task_id": "b74694b5-b4b8-43c2-8073-ac3777821e13", "status": "SUCCESS", "content_type": "application/json", "content_encoding": "utf-8", "result": "null", "date_done": "2018-06-30T12:28:04.850Z", "traceback": null, "hidden": false, "meta": "{\"children\": []}"}}, {"model": "django_celery_results.taskresult", "pk": 18, "fields": {"task_id": "47298e8c-ad4e-47be-a531-8324bc1f6450", "status": "SUCCESS", "content_type": "application/json", "content_encoding": "utf-8", "result": "null", "date_done": "2018-06-30T12:28:14.887Z", "traceback": null, "hidden": false, "meta": "{\"children\": []}"}}, {"model": "django_celery_results.taskresult", "pk": 19, "fields": {"task_id": "cb80c9d6-2532-4d32-9bee-84b20dbdb622", "status": "SUCCESS", "content_type": "application/json", "content_encoding": "utf-8", "result": "null", "date_done": "2018-06-30T12:28:24.839Z", "traceback": null, "hidden": false, "meta": "{\"children\": []}"}}, {"model": "django_celery_results.taskresult", "pk": 20, "fields": {"task_id": "c0aa914c-c5bf-4e58-90eb-0fc1bc373e3b", "status": "SUCCESS", "content_type": "application/json", "content_encoding": "utf-8", "result": "null", "date_done": "2018-06-30T12:28:34.812Z", "traceback": null, "hidden": false, "meta": "{\"children\": []}"}}, {"model": "django_celery_results.taskresult", "pk": 21, "fields": {"task_id": "74e178d1-e861-40fe-b27d-29153ce403d5", "status": "SUCCESS", "content_type": "application/json", "content_encoding": "utf-8", "result": "null", "date_done": "2018-06-30T12:28:44.886Z", "traceback": null, "hidden": false, "meta": "{\"children\": []}"}}, {"model": "django_celery_results.taskresult", "pk": 22, "fields": {"task_id": "c421096f-63e8-4065-a284-9af1c73032b4", "status": "SUCCESS", "content_type": "application/json", "content_encoding": "utf-8", "result": "null", "date_done": "2018-06-30T12:28:54.838Z", "traceback": null, "hidden": false, "meta": "{\"children\": []}"}}, {"model": "django_celery_results.taskresult", "pk": 23, "fields": {"task_id": "12115f13-2b9f-477e-a74f-57a879229781", "status": "SUCCESS", "content_type": "application/json", "content_encoding": "utf-8", "result": "null", "date_done": "2018-06-30T12:29:04.825Z", "traceback": null, "hidden": false, "meta": "{\"children\": []}"}}, {"model": "django_celery_results.taskresult", "pk": 24, "fields": {"task_id": "e50700a5-30af-4c06-ad71-35b59207c4a9", "status": "SUCCESS", "content_type": "application/json", "content_encoding": "utf-8", "result": "null", "date_done": "2018-06-30T12:29:14.889Z", "traceback": null, "hidden": false, "meta": "{\"children\": []}"}}, {"model": "django_celery_results.taskresult", "pk": 25, "fields": {"task_id": "9e801294-8f7d-4b09-9c7c-99ef4b32473b", "status": "SUCCESS", "content_type": "application/json", "content_encoding": "utf-8", "result": "null", "date_done": "2018-06-30T12:29:24.823Z", "traceback": null, "hidden": false, "meta": "{\"children\": []}"}}, {"model": "django_celery_results.taskresult", "pk": 26, "fields": {"task_id": "7a09c4f1-d854-4bac-a9dc-e77c4bc72c38", "status": "SUCCESS", "content_type": "application/json", "content_encoding": "utf-8", "result": "null", "date_done": "2018-06-30T12:29:34.887Z", "traceback": null, "hidden": false, "meta": "{\"children\": []}"}}, {"model": "django_celery_results.taskresult", "pk": 27, "fields": {"task_id": "14eec800-4da6-4011-8818-6b6dc19555d0", "status": "SUCCESS", "content_type": "application/json", "content_encoding": "utf-8", "result": "null", "date_done": "2018-06-30T12:29:44.809Z", "traceback": null, "hidden": false, "meta": "{\"children\": []}"}}, {"model": "django_celery_results.taskresult", "pk": 28, "fields": {"task_id": "359f0d1f-d6a2-4008-9820-c4039f1fcbbd", "status": "SUCCESS", "content_type": "application/json", "content_encoding": "utf-8", "result": "null", "date_done": "2018-06-30T12:29:54.827Z", "traceback": null, "hidden": false, "meta": "{\"children\": []}"}}, {"model": "django_celery_results.taskresult", "pk": 29, "fields": {"task_id": "6f889aa3-8654-4be2-89c6-0d21235e4672", "status": "SUCCESS", "content_type": "application/json", "content_encoding": "utf-8", "result": "null", "date_done": "2018-06-30T12:30:04.844Z", "traceback": null, "hidden": false, "meta": "{\"children\": []}"}}, {"model": "django_celery_results.taskresult", "pk": 30, "fields": {"task_id": "6d011f67-217e-4445-be5a-46aab59960da", "status": "SUCCESS", "content_type": "application/json", "content_encoding": "utf-8", "result": "null", "date_done": "2018-06-30T12:30:14.933Z", "traceback": null, "hidden": false, "meta": "{\"children\": []}"}}, {"model": "django_celery_results.taskresult", "pk": 31, "fields": {"task_id": "c504368c-ca1f-4b54-a0c7-4fe05b67e7b6", "status": "SUCCESS", "content_type": "application/json", "content_encoding": "utf-8", "result": "null", "date_done": "2018-06-30T12:30:26.523Z", "traceback": null, "hidden": false, "meta": "{\"children\": []}"}}, {"model": "django_celery_results.taskresult", "pk": 32, "fields": {"task_id": "ad97805a-0402-44e8-8fa4-76ff446dca1e", "status": "SUCCESS", "content_type": "application/json", "content_encoding": "utf-8", "result": "null", "date_done": "2018-06-30T12:30:35.003Z", "traceback": null, "hidden": false, "meta": "{\"children\": []}"}}, {"model": "django_celery_results.taskresult", "pk": 33, "fields": {"task_id": "cc201cd8-fa07-4e44-9079-e9598a291a2b", "status": "SUCCESS", "content_type": "application/json", "content_encoding": "utf-8", "result": "null", "date_done": "2018-06-30T12:30:44.946Z", "traceback": null, "hidden": false, "meta": "{\"children\": []}"}}, {"model": "django_celery_results.taskresult", "pk": 34, "fields": {"task_id": "eaf70340-26ff-485a-bc96-d6bbf141bc45", "status": "SUCCESS", "content_type": "application/json", "content_encoding": "utf-8", "result": "null", "date_done": "2018-06-30T12:30:54.908Z", "traceback": null, "hidden": false, "meta": "{\"children\": []}"}}, {"model": "django_celery_results.taskresult", "pk": 35, "fields": {"task_id": "a136411d-b231-4b0a-a76d-5b58df305b27", "status": "SUCCESS", "content_type": "application/json", "content_encoding": "utf-8", "result": "null", "date_done": "2018-06-30T12:31:04.863Z", "traceback": null, "hidden": false, "meta": "{\"children\": []}"}}, {"model": "django_celery_results.taskresult", "pk": 36, "fields": {"task_id": "97bcc44e-c9a6-439e-95d1-d7d9dc1b3eff", "status": "SUCCESS", "content_type": "application/json", "content_encoding": "utf-8", "result": "null", "date_done": "2018-06-30T12:31:14.966Z", "traceback": null, "hidden": false, "meta": "{\"children\": []}"}}, {"model": "django_celery_results.taskresult", "pk": 37, "fields": {"task_id": "cdbf780c-9f25-4b7d-9f6f-cdb764426c28", "status": "SUCCESS", "content_type": "application/json", "content_encoding": "utf-8", "result": "null", "date_done": "2018-06-30T12:31:24.934Z", "traceback": null, "hidden": false, "meta": "{\"children\": []}"}}, {"model": "django_celery_results.taskresult", "pk": 38, "fields": {"task_id": "7d0bf127-5f8d-4d34-b45f-2b583c25bb20", "status": "SUCCESS", "content_type": "application/json", "content_encoding": "utf-8", "result": "null", "date_done": "2018-06-30T12:31:34.891Z", "traceback": null, "hidden": false, "meta": "{\"children\": []}"}}, {"model": "django_celery_results.taskresult", "pk": 39, "fields": {"task_id": "fc0cea48-2598-459f-a0f2-b9cf634219f7", "status": "SUCCESS", "content_type": "application/json", "content_encoding": "utf-8", "result": "null", "date_done": "2018-06-30T12:31:44.877Z", "traceback": null, "hidden": false, "meta": "{\"children\": []}"}}, {"model": "django_celery_results.taskresult", "pk": 40, "fields": {"task_id": "813538c5-caf0-4258-8165-43fe4f960b4f", "status": "SUCCESS", "content_type": "application/json", "content_encoding": "utf-8", "result": "null", "date_done": "2018-06-30T12:31:54.857Z", "traceback": null, "hidden": false, "meta": "{\"children\": []}"}}, {"model": "django_celery_results.taskresult", "pk": 41, "fields": {"task_id": "19c2b2c6-94d8-40fa-951f-5beab3133308", "status": "SUCCESS", "content_type": "application/json", "content_encoding": "utf-8", "result": "null", "date_done": "2018-06-30T12:32:04.946Z", "traceback": null, "hidden": false, "meta": "{\"children\": []}"}}, {"model": "django_celery_results.taskresult", "pk": 42, "fields": {"task_id": "7edcd467-083f-40c4-b3ff-06b179a8c4fd", "status": "SUCCESS", "content_type": "application/json", "content_encoding": "utf-8", "result": "null", "date_done": "2018-06-30T12:32:14.944Z", "traceback": null, "hidden": false, "meta": "{\"children\": []}"}}, {"model": "django_celery_results.taskresult", "pk": 43, "fields": {"task_id": "72fc3da9-7459-436b-bb71-1035e18bf3db", "status": "SUCCESS", "content_type": "application/json", "content_encoding": "utf-8", "result": "null", "date_done": "2018-06-30T12:32:25.319Z", "traceback": null, "hidden": false, "meta": "{\"children\": []}"}}, {"model": "django_celery_results.taskresult", "pk": 44, "fields": {"task_id": "28df703d-bb56-4ed0-babb-d17cefb767cb", "status": "SUCCESS", "content_type": "application/json", "content_encoding": "utf-8", "result": "null", "date_done": "2018-06-30T12:32:35.135Z", "traceback": null, "hidden": false, "meta": "{\"children\": []}"}}, {"model": "django_celery_results.taskresult", "pk": 45, "fields": {"task_id": "60d4919d-1e3b-4c95-a39f-84025b58827e", "status": "SUCCESS", "content_type": "application/json", "content_encoding": "utf-8", "result": "null", "date_done": "2018-06-30T12:32:45.127Z", "traceback": null, "hidden": false, "meta": "{\"children\": []}"}}, {"model": "django_celery_results.taskresult", "pk": 46, "fields": {"task_id": "9c32bfd8-b6ad-4304-8a38-c6f2bf7ca05a", "status": "SUCCESS", "content_type": "application/json", "content_encoding": "utf-8", "result": "null", "date_done": "2018-06-30T12:32:55.133Z", "traceback": null, "hidden": false, "meta": "{\"children\": []}"}}, {"model": "django_celery_results.taskresult", "pk": 47, "fields": {"task_id": "d426ac9b-3cc2-44fd-9d85-3db379f82bd1", "status": "SUCCESS", "content_type": "application/json", "content_encoding": "utf-8", "result": "null", "date_done": "2018-06-30T12:33:05.132Z", "traceback": null, "hidden": false, "meta": "{\"children\": []}"}}, {"model": "django_celery_results.taskresult", "pk": 48, "fields": {"task_id": "401a60ba-6bb5-443e-846c-63360296a54e", "status": "SUCCESS", "content_type": "application/json", "content_encoding": "utf-8", "result": "null", "date_done": "2018-06-30T12:33:15.091Z", "traceback": null, "hidden": false, "meta": "{\"children\": []}"}}, {"model": "django_celery_results.taskresult", "pk": 49, "fields": {"task_id": "4c2112d3-a323-49b3-909e-3f229e5c4cb3", "status": "SUCCESS", "content_type": "application/json", "content_encoding": "utf-8", "result": "null", "date_done": "2018-06-30T12:33:25.089Z", "traceback": null, "hidden": false, "meta": "{\"children\": []}"}}, {"model": "django_celery_results.taskresult", "pk": 50, "fields": {"task_id": "193c9598-ae0d-4451-9551-2c3d30721aa5", "status": "SUCCESS", "content_type": "application/json", "content_encoding": "utf-8", "result": "null", "date_done": "2018-06-30T12:33:35.174Z", "traceback": null, "hidden": false, "meta": "{\"children\": []}"}}, {"model": "django_celery_results.taskresult", "pk": 51, "fields": {"task_id": "f0e88d1e-27b8-46c6-ad42-91a6adfa8090", "status": "SUCCESS", "content_type": "application/json", "content_encoding": "utf-8", "result": "null", "date_done": "2018-06-30T12:33:45.087Z", "traceback": null, "hidden": false, "meta": "{\"children\": []}"}}, {"model": "django_celery_results.taskresult", "pk": 52, "fields": {"task_id": "ed112d82-78ca-4327-9f05-4b52c90912ad", "status": "SUCCESS", "content_type": "application/json", "content_encoding": "utf-8", "result": "null", "date_done": "2018-06-30T12:33:55.086Z", "traceback": null, "hidden": false, "meta": "{\"children\": []}"}}, {"model": "django_celery_results.taskresult", "pk": 53, "fields": {"task_id": "c95892dc-fcd2-4112-a3bf-1de0c724383f", "status": "SUCCESS", "content_type": "application/json", "content_encoding": "utf-8", "result": "null", "date_done": "2018-06-30T12:34:05.120Z", "traceback": null, "hidden": false, "meta": "{\"children\": []}"}}, {"model": "django_celery_results.taskresult", "pk": 54, "fields": {"task_id": "24da6057-93be-4ba8-b8fa-31beb52e6733", "status": "SUCCESS", "content_type": "application/json", "content_encoding": "utf-8", "result": "null", "date_done": "2018-06-30T12:34:15.140Z", "traceback": null, "hidden": false, "meta": "{\"children\": []}"}}, {"model": "django_celery_results.taskresult", "pk": 55, "fields": {"task_id": "701e400c-b124-461e-800a-a15a76dab6d9", "status": "SUCCESS", "content_type": "application/json", "content_encoding": "utf-8", "result": "null", "date_done": "2018-06-30T12:34:25.280Z", "traceback": null, "hidden": false, "meta": "{\"children\": []}"}}, {"model": "django_celery_results.taskresult", "pk": 56, "fields": {"task_id": "55eed317-55c1-4201-b6e8-e2f2413a9adb", "status": "SUCCESS", "content_type": "application/json", "content_encoding": "utf-8", "result": "null", "date_done": "2018-06-30T12:34:35.178Z", "traceback": null, "hidden": false, "meta": "{\"children\": []}"}}, {"model": "django_celery_results.taskresult", "pk": 57, "fields": {"task_id": "8975aa9b-55e2-4ac3-bd6a-a5745c5d1520", "status": "SUCCESS", "content_type": "application/json", "content_encoding": "utf-8", "result": "null", "date_done": "2018-06-30T12:34:45.109Z", "traceback": null, "hidden": false, "meta": "{\"children\": []}"}}, {"model": "django_celery_results.taskresult", "pk": 58, "fields": {"task_id": "13ff4601-f228-4595-8e48-60b5dc4f2c8d", "status": "SUCCESS", "content_type": "application/json", "content_encoding": "utf-8", "result": "null", "date_done": "2018-06-30T12:34:55.094Z", "traceback": null, "hidden": false, "meta": "{\"children\": []}"}}, {"model": "django_celery_results.taskresult", "pk": 59, "fields": {"task_id": "cd471f7f-bd35-4616-89ba-4ba2d3243ecc", "status": "SUCCESS", "content_type": "application/json", "content_encoding": "utf-8", "result": "null", "date_done": "2018-06-30T12:35:05.231Z", "traceback": null, "hidden": false, "meta": "{\"children\": []}"}}, {"model": "django_celery_results.taskresult", "pk": 60, "fields": {"task_id": "18c83d6e-edf0-468f-9942-dad89e8e504c", "status": "SUCCESS", "content_type": "application/json", "content_encoding": "utf-8", "result": "null", "date_done": "2018-06-30T12:35:15.195Z", "traceback": null, "hidden": false, "meta": "{\"children\": []}"}}, {"model": "django_celery_results.taskresult", "pk": 61, "fields": {"task_id": "2ea2ebca-67b8-4021-8bf5-8ff367c286fb", "status": "SUCCESS", "content_type": "application/json", "content_encoding": "utf-8", "result": "null", "date_done": "2018-06-30T12:35:25.126Z", "traceback": null, "hidden": false, "meta": "{\"children\": []}"}}, {"model": "django_celery_results.taskresult", "pk": 62, "fields": {"task_id": "f8194243-a8b8-4741-b5f0-a7986ed0c7d2", "status": "SUCCESS", "content_type": "application/json", "content_encoding": "utf-8", "result": "null", "date_done": "2018-06-30T12:35:35.111Z", "traceback": null, "hidden": false, "meta": "{\"children\": []}"}}, {"model": "django_celery_results.taskresult", "pk": 63, "fields": {"task_id": "6baa1ab9-b857-4adc-8da9-a99ca8fbc038", "status": "SUCCESS", "content_type": "application/json", "content_encoding": "utf-8", "result": "null", "date_done": "2018-06-30T12:35:45.082Z", "traceback": null, "hidden": false, "meta": "{\"children\": []}"}}, {"model": "django_celery_results.taskresult", "pk": 64, "fields": {"task_id": "69e2f644-9c5b-4434-a36b-97bfac3bda5f", "status": "SUCCESS", "content_type": "application/json", "content_encoding": "utf-8", "result": "null", "date_done": "2018-06-30T12:35:55.271Z", "traceback": null, "hidden": false, "meta": "{\"children\": []}"}}, {"model": "django_celery_results.taskresult", "pk": 65, "fields": {"task_id": "23d0fcb1-08f7-4e0d-aec4-51cd76a8c2f4", "status": "SUCCESS", "content_type": "application/json", "content_encoding": "utf-8", "result": "null", "date_done": "2018-06-30T12:36:05.112Z", "traceback": null, "hidden": false, "meta": "{\"children\": []}"}}, {"model": "django_celery_results.taskresult", "pk": 66, "fields": {"task_id": "074e926f-b335-47a5-bd15-26c2e11cc94d", "status": "SUCCESS", "content_type": "application/json", "content_encoding": "utf-8", "result": "null", "date_done": "2018-06-30T12:36:15.138Z", "traceback": null, "hidden": false, "meta": "{\"children\": []}"}}, {"model": "django_celery_results.taskresult", "pk": 67, "fields": {"task_id": "412e563d-9d45-4af8-b901-c8965e000708", "status": "SUCCESS", "content_type": "application/json", "content_encoding": "utf-8", "result": "null", "date_done": "2018-06-30T12:36:27.223Z", "traceback": null, "hidden": false, "meta": "{\"children\": []}"}}, {"model": "django_celery_results.taskresult", "pk": 68, "fields": {"task_id": "00c72022-cef0-44bb-945c-496c5f923994", "status": "SUCCESS", "content_type": "application/json", "content_encoding": "utf-8", "result": "null", "date_done": "2018-06-30T12:36:36.120Z", "traceback": null, "hidden": false, "meta": "{\"children\": []}"}}, {"model": "django_celery_results.taskresult", "pk": 69, "fields": {"task_id": "877f29fd-3fe0-4f25-b5ea-d0fed19ae83c", "status": "SUCCESS", "content_type": "application/json", "content_encoding": "utf-8", "result": "null", "date_done": "2018-06-30T12:36:46.101Z", "traceback": null, "hidden": false, "meta": "{\"children\": []}"}}, {"model": "django_celery_results.taskresult", "pk": 70, "fields": {"task_id": "d49bbff8-2308-49bf-babf-e40cfcf35a9f", "status": "SUCCESS", "content_type": "application/json", "content_encoding": "utf-8", "result": "null", "date_done": "2018-06-30T12:36:56.095Z", "traceback": null, "hidden": false, "meta": "{\"children\": []}"}}, {"model": "django_celery_results.taskresult", "pk": 71, "fields": {"task_id": "69b897a0-232e-4acc-8956-b9bb785522ef", "status": "SUCCESS", "content_type": "application/json", "content_encoding": "utf-8", "result": "null", "date_done": "2018-06-30T12:37:06.207Z", "traceback": null, "hidden": false, "meta": "{\"children\": []}"}}, {"model": "django_celery_results.taskresult", "pk": 72, "fields": {"task_id": "fdc52080-ce04-4759-964c-52a19407b2fc", "status": "SUCCESS", "content_type": "application/json", "content_encoding": "utf-8", "result": "null", "date_done": "2018-06-30T12:37:16.064Z", "traceback": null, "hidden": false, "meta": "{\"children\": []}"}}, {"model": "django_celery_results.taskresult", "pk": 73, "fields": {"task_id": "a5a1d6b8-92bc-486f-a3b3-3b320ab31f97", "status": "SUCCESS", "content_type": "application/json", "content_encoding": "utf-8", "result": "null", "date_done": "2018-06-30T12:37:26.090Z", "traceback": null, "hidden": false, "meta": "{\"children\": []}"}}, {"model": "django_celery_results.taskresult", "pk": 74, "fields": {"task_id": "1e8c43e8-754c-4bc5-8dc2-cc77a5667aba", "status": "SUCCESS", "content_type": "application/json", "content_encoding": "utf-8", "result": "null", "date_done": "2018-06-30T12:37:36.086Z", "traceback": null, "hidden": false, "meta": "{\"children\": []}"}}, {"model": "django_celery_results.taskresult", "pk": 75, "fields": {"task_id": "ac2c1966-2968-4ebe-98f7-5d167832fe9f", "status": "SUCCESS", "content_type": "application/json", "content_encoding": "utf-8", "result": "null", "date_done": "2018-06-30T12:37:46.063Z", "traceback": null, "hidden": false, "meta": "{\"children\": []}"}}, {"model": "django_celery_results.taskresult", "pk": 76, "fields": {"task_id": "33ead012-de13-44ac-ac96-086eb88b231f", "status": "SUCCESS", "content_type": "application/json", "content_encoding": "utf-8", "result": "null", "date_done": "2018-06-30T12:37:56.089Z", "traceback": null, "hidden": false, "meta": "{\"children\": []}"}}]